cat,subsect_ID,valley,area_kmsq,lithic_density,total_lithics,total_retouched,retouch_freq,flakes,blades,bladelets,flake_cores,blade_cores,chunks,core_rejuv,flake_tech,blade_tech,ret_flakes,geometrics,microburins,bldt_utilized,bldt_ret,bkd_pieces,bkd_pts,drills,proj_pts,total_backed,dent_sickl,MPaleo_types,UPaleo_types,Neol1_types,Neol2_types,Neol_types,settlmnt_wt,MPaleo_TI,MPaleo_SII,MPaleo_SII_ntile,UPaleo_TI,UPaleo_SII,UPaleo_SII_ntile,LUPaleo_TI,LUPaleo_SII,LUPaleo_SII_ntl,Neol1_TI,Neol1_SII,Neol1_SII_ntl,Neol2_TI,Neol2_SII,Neol2_SII_ntl,elev_min,elev_max,elev_range,elev_mean,elev_stddev,elev_variance,elev_cf_var,distcoast,distcoast_30ka,distcoast_18ka,distcoast_13ka,val_elev
64,A3-2-2,Alcala,0.009736,205.423171733772,2,0,0,2,0,0,0,0,1,0,2,0,0,0,0,0,0,0,0,0,0,0,0,0,0,0,0,0,0.1,0.3,0.03,49,0.1,0.01,49,0.1,0.01,49,0.1,0.01,50,0.1,0.01,49,644,653,9,650.505263157895,3.70170283492352,13.7026038780808,0.569050405057987,21476.60721,30485.86123,30988.375093,29992.472283,"""642m Alacala"""
74,A1-14-10,Alcala,0.0078,1666.66666666667,13,0,0,13,0,0,0,0,5,0,13,0,0,0,0,0,0,0,0,0,0,0,0,0,0,0,0,0,0.75,0.3,0.225,50,0.1,0.075,50,0.1,0.075,50,0.1,0.075,50,0.1,0.075,50,626,634,8,630.12987012987,2.6791675841926,7.17793894418842,0.425177048604349,19822.32426,30340.048477,30813.567249,29876.635207,"""642m Alacala"""
3,A2-11-1,Alcala,0.013124,533.373971350198,7,0,0,7,0,0,0,0,3,0,7,0,0,0,0,0,0,0,0,0,0,0,0,0,0,0,0,0,0.5,0.3,0.15,49,0.1,0.05,49,0.1,0.05,49,0.1,0.05,50,0.1,0.05,49,631,651,20,641.068181818182,5.19351749461928,26.9726239669165,0.810134965658341,20241.844431,30728.879861,31209.891998,30257.609498,"""642m Alacala"""
4,A2-11-2,Alcala,0.003218,621.504039776259,2,0,0,2,0,0,0,0,0,0,2,0,0,0,0,0,0,0,0,0,0,0,0,0,0,0,0,0,0.25,0.3,0.075,49,0.1,0.025,49,0.1,0.025,49,0.1,0.025,50,0.1,0.025,49,631,639,8,634.625,2.08791163606126,4.359375,0.328999272966123,20164.498581,30690.127805,31169.785398,30220.267045,"""642m Alacala"""
5,A2-11-3,Alcala,0.00734,1226.15803814714,9,0,0,9,0,0,0,0,6,0,9,0,0,0,0,0,0,0,0,0,0,0,0,0,0,0,0,0,0.75,0.3,0.225,50,0.1,0.075,50,0.1,0.075,50,0.1,0.075,50,0.1,0.075,50,640,651,11,645.680555555556,4.2584112481067,18.1340663580017,0.659522919107063,20327.998816,30668.042502,31150.58143,30195.216976,"""642m Alacala"""
7,A2-11-5,Alcala,0.005769,2253.42347027214,13,0,0,11,2,0,0,0,7,0,11,2,0,0,0,0,0,0,0,0,0,0,0,0,0,0,0,0,0.9,0.3,0.27,75,0.3,0.27,75,0.3,0.27,75,0.7,0.63,90,0.7,0.63,75,631,635,4,632.066666666667,1.71139968707063,2.92888888890545,0.270762528278235,20211.210438,30598.429746,31078.922338,30127.737683,"""642m Alacala"""
8,A2-10-1,Alcala,0.003045,328.407224958949,1,0,0,1,0,0,0,0,1,0,1,0,0,0,0,0,0,0,0,0,0,0,0,0,0,0,0,0,0.75,0.3,0.225,50,0.1,0.075,50,0.1,0.075,50,0.1,0.075,50,0.1,0.075,50,628,632,4,630.689655172414,1.44086775280293,2.07609988106736,0.228459075075369,20209.740454,30459.092787,30939.563291,29988.469268,"""642m Alacala"""
9,A2-10-2,Alcala,0.007725,388.349514563107,3,0,0,3,0,0,0,0,1,0,3,0,0,0,0,0,0,0,0,0,0,0,0,0,0,0,0,0,0.25,0.3,0.075,49,0.1,0.025,49,0.1,0.025,49,0.7,0.175,50,0.7,0.175,50,631,640,9,632.443037974684,2.63735020184006,6.95561608714582,0.417009919230961,20248.461048,30478.72885,30959.88606,30007.390427,"""642m Alacala"""
10,A2-10-3,Alcala,0.006974,860.338399770576,6,0,0,6,0,0,0,0,1,0,6,0,0,0,0,0,0,0,0,0,0,0,0,0,0,0,0,0,0.5,0.3,0.15,49,0.1,0.05,49,0.1,0.05,49,0.1,0.05,50,0.1,0.05,49,635,640,5,638.357142857143,2.34846888896604,5.51530612244138,0.367892631146073,20297.450622,30511.668474,30993.691152,30039.426373,"""642m Alacala"""
11,A2-10-4,Alcala,0.005525,1085.97285067873,6,0,0,6,0,0,0,0,3,0,6,0,0,0,0,0,0,0,0,0,0,0,0,0,0,0,0,0,0.75,0.3,0.225,50,0.1,0.075,50,0.1,0.075,50,0.1,0.075,50,0.1,0.075,50,635,645,10,639.074074074074,2.16753702051012,4.69821673528188,0.339168354411899,20335.288743,30541.979746,31024.667581,30069.041514,"""642m Alacala"""
12,A2-10-5,Alcala,0.006942,288.101411696917,2,0,0,2,0,0,0,0,4,0,2,0,0,0,0,0,0,0,0,0,0,0,0,0,0,0,0,0,0.5,0.3,0.15,49,0.1,0.05,49,0.1,0.05,49,0.1,0.05,50,0.1,0.05,49,637,648,11,641.098591549296,2.7991695427334,7.83535012896632,0.436620759994006,20403.517814,30572.407495,31056.292093,30098.224655,"""642m Alacala"""
13,A2-10-6,Alcala,0.013408,1193.31742243437,16,1,0.06,14,1,0,0,0,5,0,15,1,1,0,0,0,0,0,0,0,0,0,0,0,0,0,0,0,0.75,0.3,0.225,50,0.3,0.225,75,0.3,0.225,75,0.7,0.525,75,0.7,0.525,75,642,657,15,648.857142857143,2.81548579427624,7.92696025777132,0.433914587404969,20441.570464,30635.246634,31119.785665,30160.368303,"""642m Alacala"""
14,A1-23-1,Alcala,0.006731,891.398009211113,6,0,0,6,0,0,0,0,4,0,6,0,0,0,0,0,0,0,0,0,0,0,0,0,0,0,0,0,0.75,0.3,0.225,50,0.1,0.075,50,0.1,0.075,50,0.7,0.525,75,0.7,0.525,75,654,659,5,657.382352941176,2.33911378243993,5.47145328720045,0.355822417802146,21191.018026,29892.615527,30390.410875,29404.288732,"""642m Alacala"""
15,A1-23-2,Alcala,0.007897,1013.04292769406,8,1,0.13,7,0,0,0,0,4,0,8,0,0,0,0,0,0,0,0,0,0,0,0,1,0,0,0,0,0.75,0.3,0.225,50,0.7,0.525,90,0.1,0.075,50,0.1,0.075,50,0.1,0.075,50,642,671,29,662.73417721519,8.55911515117691,73.2584521711061,1.29148540175524,21241.829332,29892.743908,30391.430163,29403.49634,"""642m Alacala"""
15,A1-23-2,Alcala,0.007897,1013.04292769406,8,1,0.13,7,0,0,0,0,4,0,8,0,0,0,0,0,0,0,0,0,0,0,0,1,0,0,0,0,0.75,0.3,0.225,50,0.7,0.525,90,0.1,0.075,50,0.1,0.075,50,0.1,0.075,50,642,671,29,662.73417721519,8.55911515117691,73.2584521711061,1.29148540175524,21241.829332,29892.743908,30391.430163,29403.49634,"""642m Alacala"""
16,A1-23-3,Alcala,0.011846,506.500084416681,6,0,0,4,0,2,0,0,9,0,4,2,0,0,0,0,0,0,0,0,0,0,0,0,0,0,0,0,0.75,0.3,0.225,50,0.3,0.225,75,0.3,0.225,75,0.7,0.525,75,0.7,0.525,75,642,671,29,662.906779661017,10.5082592924917,110.423513358238,1.5851790349565,21303.188281,29882.240724,30382.00219,29391.885253,"""642m Alacala"""
16,A1-23-3,Alcala,0.011846,506.500084416681,6,0,0,4,0,2,0,0,9,0,4,2,0,0,0,0,0,0,0,0,0,0,0,0,0,0,0,0,0.75,0.3,0.225,50,0.3,0.225,75,0.3,0.225,75,0.7,0.525,75,0.7,0.525,75,642,671,29,662.906779661017,10.5082592924917,110.423513358238,1.5851790349565,21303.188281,29882.240724,30382.00219,29391.885253,"""642m Alacala"""
17,A1-23-3,Alcala,0.010659,562.90458767239,6,0,0,4,0,2,0,0,9,0,4,2,0,0,0,0,0,0,0,0,0,0,0,0,0,0,0,0,0.75,0.3,0.225,50,0.3,0.225,75,0.3,0.225,75,0.7,0.525,75,0.7,0.525,75,642,671,29,658.383177570093,6.00100437047429,36.0120534544515,0.911475957302296,21361.904808,29869.411961,30370.201379,29377.998079,"""642m Alacala"""
17,A1-23-3,Alcala,0.010659,562.90458767239,6,0,0,4,0,2,0,0,9,0,4,2,0,0,0,0,0,0,0,0,0,0,0,0,0,0,0,0,0.75,0.3,0.225,50,0.3,0.225,75,0.3,0.225,75,0.7,0.525,75,0.7,0.525,75,642,671,29,658.383177570093,6.00100437047429,36.0120534544515,0.911475957302296,21361.904808,29869.411961,30370.201379,29377.998079,"""642m Alacala"""
18,A1-23-4,Alcala,0.00606,1155.11551155116,7,1,0.14,6,0,0,0,0,4,0,6,1,0,0,0,0,0,0,0,0,0,0,0,0,1,0,0,0,0.5,0.3,0.15,49,0.1,0.05,49,0.1,0.05,49,0.7,0.35,75,0.7,0.35,75,642,663,21,645.915254237288,6.92646150665534,47.9758690031782,1.07234834000542,21409.601214,29812.162932,30313.79307,29319.89833,"""642m Alacala"""
18,A1-23-4,Alcala,0.00606,1155.11551155116,7,1,0.14,6,0,0,0,0,4,0,6,1,0,0,0,0,0,0,0,0,0,0,0,0,1,0,0,0,0.5,0.3,0.15,49,0.1,0.05,49,0.1,0.05,49,0.7,0.35,75,0.7,0.35,75,642,663,21,645.915254237288,6.92646150665534,47.9758690031782,1.07234834000542,21409.601214,29812.162932,30313.79307,29319.89833,"""642m Alacala"""
20,A2-8-12,Alcala,0.008452,354.945575011832,3,1,0.33,2,0,0,0,0,3,0,3,0,0,0,0,0,0,0,0,0,0,0,0,1,0,0,0,0,0.25,0.3,0.075,49,0.7,0.175,50,0.1,0.025,49,0.1,0.025,50,0.1,0.025,49,652,659,7,654.011764705882,2.42775188986902,5.89397923876257,0.371209207675462,21107.978374,29759.397634,30255.727945,29272.628321,"""642m Alacala"""
20,A2-8-12,Alcala,0.008452,354.945575011832,3,1,0.33,2,0,0,0,0,3,0,3,0,0,0,0,0,0,0,0,0,0,0,0,1,0,0,0,0,0.25,0.3,0.075,49,0.7,0.175,50,0.1,0.025,49,0.1,0.025,50,0.1,0.025,49,652,659,7,654.011764705882,2.42775188986902,5.89397923876257,0.371209207675462,21107.978374,29759.397634,30255.727945,29272.628321,"""642m Alacala"""
22,A2-8-10,Alcala,0.004276,467.726847521048,2,0,0,2,0,0,0,0,2,0,2,0,0,0,0,0,0,0,0,0,0,0,0,0,0,0,0,0,0.5,0.3,0.15,49,0.1,0.05,49,0.1,0.05,49,0.1,0.05,50,0.1,0.05,49,656,659,3,658.857142857143,0.638876564980107,0.40816326528078,0.0969673884401723,21017.482253,29790.388536,30285.121537,29305.259726,"""642m Alacala"""
23,A2-8-9,Alcala,0.007968,251.004016064257,2,0,0,2,0,0,0,0,3,0,2,0,0,0,0,0,0,0,0,0,0,0,0,0,0,0,0,0,0.5,0.3,0.15,49,0.1,0.05,49,0.1,0.05,49,0.1,0.05,50,0.1,0.05,49,652,664,12,656.349397590361,2.36660366138574,5.60081289008439,0.360570706711119,21058.482688,29824.892998,30320.354576,29338.999977,"""642m Alacala"""
24,A2-8-8a,Alcala,0.006584,1518.83353584447,10,0,0,9,1,0,0,0,17,0,9,1,0,0,0,0,0,0,0,0,0,0,0,0,0,0,0,0,0.9,0.3,0.27,75,0.7,0.63,90,0.5,0.45,90,0.3,0.27,50,0.3,0.27,50,656,664,8,660.791044776119,3.37035944508233,11.3593227890556,0.510049201139556,21030.888486,29873.402041,30368.379487,29387.993397,"""642m Alacala"""
25,A2-8-8b,Alcala,0.006895,5946.33792603336,41,6,0.15,28,3,7,0,0,50,0,31,10,2,0,0,0,0,0,0,0,3,0,0,1,0,0,3,3,1,0.3,0.3,90,0.3,0.3,75,0.3,0.3,75,0.5,0.5,75,0.9,0.9,90,654,664,10,663.208955223881,1.22824123054021,1.50857652039893,0.185196719806895,21051.389212,29947.711242,30443.050924,29461.904085,"""642m Alacala"""
28,A2-8-5,Alcala,0.003728,1072.96137339056,4,0,0,4,0,0,0,0,3,0,4,0,0,0,0,0,0,0,0,0,0,0,0,0,0,0,0,0,0.75,0.3,0.225,50,0.1,0.075,50,0.1,0.075,50,0.1,0.075,50,0.1,0.075,50,653,659,6,655.153846153846,2.47591952913879,6.13017751477086,0.377914217198594,20930.391768,29905.62945,30398.833598,29422.042394,"""642m Alacala"""
29,A2-8-4,Alcala,0.003383,295.595625184747,1,0,0,1,0,0,0,0,5,0,1,0,0,0,0,0,0,0,0,0,0,0,0,0,0,0,0,0,0.75,0.3,0.225,50,0.1,0.075,50,0.1,0.075,50,0.1,0.075,50,0.1,0.075,50,650,653,3,652.735294117647,0.850910361271659,0.724048442919465,0.130360709607698,20890.930666,29893.771672,30386.276177,29410.911312,"""642m Alacala"""
31,A2-8-1,Alcala,0.004126,727.096461463888,3,0,0,1,1,1,0,0,4,0,1,2,0,0,0,0,0,0,0,0,0,0,0,0,0,0,0,0,0.75,0.3,0.225,50,0.7,0.525,90,0.5,0.375,90,0.3,0.225,50,0.3,0.225,50,646,653,7,650.380952380952,2.51616091687216,6.33106575959495,0.386874939627437,20826.554975,29899.277528,30390.641358,29417.593701,"""642m Alacala"""
33,A1-26-5,Alcala,0.013783,507.872016251905,7,2,0.29,6,0,0,0,0,4,0,6,1,0,0,0,0,0,0,0,0,1,0,0,0,1,0,1,1,0.5,0.5,0.25,50,0.1,0.05,49,0.1,0.05,49,0.1,0.05,50,0.9,0.45,75,632,640,8,635.218045112782,3.04190864564751,9.25320820846504,0.478876295950852,20654.351731,30129.41176,30617.747416,29650.779414,"""642m Alacala"""
34,A1-26-4,Alcala,0.009692,412.711514651259,4,1,0.25,3,0,0,0,0,0,0,3,1,0,0,0,0,0,0,0,0,0,0,0,0,1,0,0,0,0.1,0.9,0.09,49,0.1,0.01,49,0.1,0.01,49,0.1,0.01,50,0.1,0.01,49,635,642,7,637.425742574257,2.29656021149883,5.27418880503957,0.360286706059929,20679.353009,30058.657932,30547.430867,29579.597367,"""642m Alacala"""
35,A1-26-3,Alcala,0.011951,334.700025102502,4,0,0,4,0,0,0,0,5,0,4,0,0,0,0,0,0,0,0,0,0,0,0,0,0,0,0,0,0.5,0.3,0.15,49,0.1,0.05,49,0.1,0.05,49,0.7,0.35,75,0.7,0.35,75,639,644,5,641.076271186441,1.58465512294447,2.51113185867415,0.247186675621568,20735.651663,30020.908663,30510.675758,29540.83389,"""642m Alacala"""
36,A1-26-2,Alcala,0.007068,141.482739105829,1,0,0,1,0,0,0,0,3,0,1,0,0,0,0,0,0,0,0,0,0,0,0,0,0,0,0,0,0.5,0.3,0.15,49,0.1,0.05,49,0.1,0.05,49,0.1,0.05,50,0.1,0.05,49,639,647,8,644.833333333333,3.02305952453618,9.13888888888889,0.46881253934394,20758.5722,29944.106826,30434.270692,29463.647639,"""642m Alacala"""
37,A1-26-1,Alcala,0.012098,495.949743759299,6,0,0,5,1,0,0,0,5,0,5,1,0,0,0,0,0,0,0,0,0,0,0,0,0,0,0,0,0.5,0.3,0.15,49,0.3,0.15,50,0.3,0.15,50,0.7,0.35,75,0.7,0.35,75,642,653,11,647.296610169491,2.36252278989305,5.58151393276403,0.364983031391811,20851.890292,30032.702681,30524.526545,29550.499792,"""642m Alacala"""
38,A1-20-2,Alcala,0.01299,615.858352578907,8,1,0.13,8,0,0,0,0,5,0,8,0,0,0,0,0,0,0,0,0,1,0,0,0,0,0,1,1,0.75,0.3,0.225,50,0.1,0.075,50,0.1,0.075,50,0.5,0.375,75,0.9,0.675,90,632,654,22,650.55303030303,4.40267548466802,19.3835514232968,0.676758892755789,21831.246325,29952.96916,30461.858496,29453.154305,"""642m Alacala"""
41,A1-21-2,Alcala,0.015108,397.14058776807,6,0,0,6,0,0,0,0,4,0,6,0,0,0,0,0,0,0,0,0,0,0,0,0,0,0,0,0,0.25,0.3,0.075,49,0.1,0.025,49,0.1,0.025,49,0.1,0.025,50,0.1,0.025,49,628,654,26,633.377483443709,7.60684749198201,57.864128766273,1.20099746057014,21730.753348,29762.454237,30269.680988,29264.418387,"""642m Alacala"""
42,A1-21-1,Alcala,0.005109,195.733020160501,1,0,0,1,0,0,0,0,0,0,1,0,0,0,0,0,0,0,0,0,0,0,0,0,0,0,0,0,0.25,0.3,0.075,49,0.1,0.025,49,0.1,0.025,49,0.7,0.175,50,0.7,0.175,50,621,632,11,629.884615384615,3.19045358575325,10.1789940828457,0.506513972214596,21811.885735,29772.701228,30281.328144,29273.213965,"""642m Alacala"""
45,A1-17-1b,Alcala,0.004238,6134.96932515337,26,2,0.08,23,0,1,0,0,22,0,24,2,1,0,0,0,0,0,0,0,0,0,0,0,1,0,0,0,1,0.3,0.3,90,0.3,0.3,75,0.3,0.3,75,0.7,0.7,90,0.7,0.7,90,616,622,6,618.372093023256,2.93355293604052,8.60573282855195,0.474399308949764,22278.041622,30600.467206,31116.367017,30093.209725,"""642m Alacala"""
44,A1-17-1a,Alcala,0.002125,1411.76470588235,3,0,0,3,0,0,0,0,3,0,3,0,0,0,0,0,0,0,0,0,0,0,0,0,0,0,0,0,0.9,0.3,0.27,75,0.1,0.09,50,0.1,0.09,50,0.7,0.63,90,0.7,0.63,75,616,624,8,621.428571428571,2.77010277566533,7.67346938774877,0.445763665049593,22291.822423,30624.139465,31140.24039,30116.667226,"""642m Alacala"""
46,A1-17-1c,Alcala,0.002651,4526.593738212,12,1,0.08,11,0,0,0,0,6,0,11,1,0,0,0,0,0,0,0,0,0,0,0,0,1,0,0,0,0.9,0.3,0.27,75,0.1,0.09,50,0.1,0.09,50,0.7,0.63,90,0.7,0.63,75,616,616,0,616,0,0,0,22310.091523,30570.540065,31087.006206,30062.705671,"""642m Alacala"""
47,A1-18-1b,Alcala,0.005504,2725.29069767442,15,1,0.07,12,2,0,0,0,12,0,13,2,1,0,0,0,0,0,0,0,0,0,0,0,0,0,0,0,1,0.3,0.3,90,0.3,0.3,75,0.3,0.3,75,0.7,0.7,90,0.7,0.7,90,609,616,7,610.309090909091,2.52170741056013,6.35900826447389,0.413185293832655,22369.983925,30501.349373,31018.888129,29992.425813,"""642m Alacala"""
48,A1-18-1a,Alcala,0.002551,392.003136025088,1,0,0,,0,1,0,0,0,0,0,1,0,0,0,0,0,0,0,0,0,0,0,0,0,0,0,0,0.5,0.1,0.05,49,0.7,0.35,75,0.5,0.25,75,0.3,0.15,50,0.3,0.15,50,609,614,5,610.875,2.42061459137964,5.859375,0.396253667506386,22368.321819,30461.637974,30979.193313,29952.708745,"""642m Alacala"""
49,A1-17-1d,Alcala,0.002104,1425.85551330798,3,0,0,2,1,0,0,0,0,0,2,1,0,0,0,0,0,0,0,0,0,0,0,0,0,0,0,0,0.75,0.3,0.225,50,0.7,0.525,90,0.5,0.375,90,0.3,0.225,50,0.3,0.225,50,616,616,0,616,0,0,0,22319.320742,30543.901717,31060.551398,30035.885234,"""642m Alacala"""
50,A1-18-2b,Alcala,0.002078,8180.94321462945,17,1,0.06,14,1,2,0,0,15,0,14,3,0,0,0,0,0,0,0,0,0,0,1,0,0,0,1,1,1,0.3,0.3,90,0.3,0.3,75,0.3,0.3,75,0.5,0.5,75,0.9,0.9,90,615,616,1,615.96,0.195959179513905,0.0384000000357628,0.0318136209354349,22361.498112,30599.07155,31116.356544,30090.382261,"""642m Alacala"""
51,A1-18-2a,Alcala,0.002707,4063.53897303288,11,1,0.09,8,0,2,0,0,13,0,9,2,0,0,0,0,0,0,0,0,0,0,0,1,0,0,0,0,1,0.3,0.3,90,0.9,0.9,90,0.5,0.5,90,0.3,0.3,50,0.3,0.3,50,616,624,8,616.96,2.59969228949039,6.75840000003576,0.421371286548623,22372.067668,30633.061337,31150.480366,30124.223711,"""642m Alacala"""
52,A1-18-2c,Alcala,0.005652,353.857041755131,2,0,0,2,0,0,0,0,2,0,2,0,0,0,0,0,0,0,0,0,0,0,0,0,0,0,0,0,0.25,0.3,0.075,49,0.1,0.025,49,0.1,0.025,49,0.1,0.025,50,0.1,0.025,49,609,620,11,614.551724137931,1.83051164688871,3.35077288939521,0.297861282458605,22411.229322,30542.200476,31060.375988,30032.606669,"""642m Alacala"""
56,A2-4-2,Alcala,0.015432,453.60290305858,7,0,0,7,0,0,0,0,0,0,7,0,0,0,0,0,0,0,0,0,0,0,0,0,0,0,0,0,0.1,0.3,0.03,49,0.1,0.01,49,0.1,0.01,49,0.7,0.07,50,0.7,0.07,49,639,653,14,643.52,4.58653100574397,21.0362666666508,0.712725479510189,21967.866316,31334.771472,31844.854905,30833.314845,"""642m Alacala"""
57,A2-4-6,Alcala,0.018212,219.635405227323,4,0,0,4,0,0,0,0,2,0,4,0,0,0,0,0,0,0,0,0,0,0,0,0,0,0,0,0,0.1,0.3,0.03,49,0.1,0.01,49,0.1,0.01,49,0.1,0.01,50,0.1,0.01,49,649,656,7,652.440860215054,2.46464185533204,6.07445947505454,0.377757127982397,21859.507923,31140.03288,31648.483414,30640.317929,"""642m Alacala"""
59,A2-4-5,Alcala,0.016109,558.693897821094,9,1,0.11,8,0,0,0,0,9,0,9,0,1,0,0,0,0,0,0,0,0,0,0,0,0,0,0,0,0.5,0.3,0.15,49,0.1,0.05,49,0.1,0.05,49,0.1,0.05,50,0.1,0.05,49,650,656,6,652.126582278481,1.52088489072864,2.31309085084668,0.233219275530034,21922.800002,31172.93991,31682.412,30672.160471,"""642m Alacala"""
60,A2-4-4,Alcala,0.011978,834.863917181499,10,0,0,8,1,1,0,0,13,0,8,2,0,0,0,0,0,0,0,0,0,0,0,0,0,0,0,0,0.75,0.3,0.225,50,0.7,0.525,90,0.5,0.375,90,0.3,0.225,50,0.3,0.225,50,636,654,18,651.454545454545,5.52080961843235,30.4793388429752,0.847458914356069,22008.650727,31225.127317,31735.971386,30722.916012,"""642m Alacala"""
60,A2-4-4,Alcala,0.011978,834.863917181499,10,0,0,8,1,1,0,0,13,0,8,2,0,0,0,0,0,0,0,0,0,0,0,0,0,0,0,0,0.75,0.3,0.225,50,0.7,0.525,90,0.5,0.375,90,0.3,0.225,50,0.3,0.225,50,636,654,18,651.454545454545,5.52080961843235,30.4793388429752,0.847458914356069,22008.650727,31225.127317,31735.971386,30722.916012,"""642m Alacala"""
62,A2-4-1,Alcala,0.009501,526.260393642774,5,0,0,2,0,2,0,0,3,0,2,3,0,0,1,0,0,0,0,0,0,0,0,0,0,0,0,0,0.5,0.3,0.15,49,0.3,0.15,50,0.3,0.15,50,0.7,0.35,75,0.7,0.35,75,630,644,14,635.020202020202,3.6954238640389,13.6561575349082,0.581938000127015,22088.374924,31327.680935,31839.741799,30824.184043,"""642m Alacala"""
62,A2-4-1,Alcala,0.009501,526.260393642774,5,0,0,2,0,2,0,0,3,0,2,3,0,0,1,0,0,0,0,0,0,0,0,0,0,0,0,0,0.5,0.3,0.15,49,0.3,0.15,50,0.3,0.15,50,0.7,0.35,75,0.7,0.35,75,630,644,14,635.020202020202,3.6954238640389,13.6561575349082,0.581938000127015,22088.374924,31327.680935,31839.741799,30824.184043,"""642m Alacala"""
61,A2-4-3,Alcala,0.005501,2726.77694964552,15,3,0.2,13,0,1,0,0,4,0,14,1,1,0,0,0,0,0,0,0,0,0,2,0,0,0,2,2,0.9,0.3,0.27,75,0.3,0.27,75,0.3,0.27,75,0.5,0.45,75,0.9,0.81,90,636,654,18,648,7.34846922834953,54,1.13402302906629,21990.983592,31277.778062,31788.288952,30775.896022,"""642m Alacala"""
66,A1-14-2,Alcala,0.006276,478.011472275335,3,0,0,3,0,0,0,0,3,0,3,0,0,0,0,0,0,0,0,0,0,0,0,0,0,0,0,0,0.5,0.3,0.15,49,0.1,0.05,49,0.1,0.05,49,0.7,0.35,75,0.7,0.35,75,625,634,9,629.426229508197,3.0859757677505,9.52324643914328,0.490283947995261,20114.111371,30492.701205,30971.474993,30023.816833,"""642m Alacala"""
67,A1-14-3,Alcala,0.005668,882.145377558222,5,1,0.2,4,0,0,0,0,0,0,4,1,0,0,0,0,0,0,0,0,0,0,0,0,1,0,0,0,0.5,0.9,0.45,90,0.1,0.05,49,0.1,0.05,49,0.1,0.05,50,0.1,0.05,49,625,632,7,626.59649122807,2.67450371932599,7.15297014468856,0.426830305749752,20126.95958,30447.982401,30926.981283,29978.88066,"""642m Alacala"""
68,A1-14-4,Alcala,0.004676,1283.14798973482,6,0,0,6,0,0,0,0,2,0,6,0,0,0,0,0,0,0,0,0,0,0,0,0,0,0,0,0,0.75,0.3,0.225,50,0.1,0.075,50,0.1,0.075,50,0.1,0.075,50,0.1,0.075,50,625,632,7,627.979166666667,3.15891320534686,9.97873263891476,0.503028344413792,20164.80245,30445.698175,30925.36989,29975.903119,"""642m Alacala"""
69,A1-14-5,Alcala,0.006479,1234.75845037814,8,0,0,7,0,1,0,0,8,0,7,1,0,0,0,0,0,0,0,0,0,0,0,0,0,0,0,0,0.9,0.3,0.27,75,0.7,0.63,90,0.5,0.45,90,0.3,0.27,50,0.3,0.27,50,625,636,11,633.396825396825,3.54803626678902,12.5885613504502,0.560160096250271,20036.046632,30438.191789,30915.569347,29970.765684,"""642m Alacala"""
70,A1-14-6,Alcala,0.004781,1045.80631667015,5,0,0,5,0,0,0,0,13,0,5,0,0,0,0,0,0,0,0,0,0,0,0,0,0,0,0,0,0.9,0.3,0.27,75,0.1,0.09,50,0.1,0.09,50,0.1,0.09,50,0.1,0.09,50,625,629,4,627.659574468085,0.973622228833193,0.947940244478114,0.155119473746305,20113.18375,30349.839181,30828.578739,29881.037629,"""642m Alacala"""
71,A1-14-7,Alcala,0.006707,1490.97957357984,10,0,0,10,0,0,0,0,3,0,10,0,0,0,0,0,0,0,0,0,0,0,0,0,0,0,0,0,0.75,0.3,0.225,50,0.1,0.075,50,0.1,0.075,50,0.1,0.075,50,0.1,0.075,50,627,636,9,629.220588235294,2.51960307468776,6.34839965397602,0.400432395537822,20028.437784,30365.237883,30842.465562,29897.990776,"""642m Alacala"""
72,A1-14-8,Alcala,0.010325,2033.89830508475,21,1,0.05,16,2,2,0,0,34,0,17,4,1,0,0,0,0,0,0,0,0,0,0,0,0,0,0,0,0.9,0.3,0.27,75,0.7,0.63,90,0.5,0.45,90,0.3,0.27,50,0.3,0.27,50,631,643,12,635.019417475728,4.5559745955208,20.7569045150309,0.717454375431746,19948.12743,30429.374544,30905.179095,29963.573771,"""642m Alacala"""
73,A1-14-9a,Alcala,0.013459,297.198900364069,4,0,0,4,0,0,0,0,19,0,4,0,0,0,0,0,0,0,0,0,0,0,0,0,0,0,0,0,0,0.3,0,0,0.1,0,0,0.1,0,0,0.1,0,0,0.1,0,0,634,649,15,637.902255639098,4.21216402092045,17.7423257391368,0.660314959491779,19810.17279,30453.794219,30927.131668,29990.529412,"""642m Alacala"""
75,A2-13-3,Alcala,0.00433,230.94688221709,1,0,0,1,0,0,0,0,1,0,1,0,0,0,0,0,0,0,0,0,0,0,0,0,0,0,0,0,0.1,0.3,0.03,49,0.1,0.01,49,0.1,0.01,49,0.1,0.01,50,0.1,0.01,49,635,649,14,641.186046511628,5.69069339770789,32.3839913467162,0.887526082120487,19699.083781,30445.905346,30917.242102,29984.706089,"""642m Alacala"""
76,A2-13-2,Alcala,0.0053,2075.47169811321,11,0,0,10,1,0,0,0,8,0,10,1,0,0,0,0,0,0,0,0,0,0,0,0,0,0,0,0,0.9,0.3,0.27,75,0.7,0.63,90,0.5,0.45,90,0.3,0.27,50,0.3,0.27,50,635,649,14,637.603773584906,5.213696123622,27.182627269471,0.817701578883099,19665.527825,30444.670139,30915.401493,29984.095468,"""642m Alacala"""
77,A2-13-8,Alcala,0.00748,534.75935828877,4,0,0,4,0,0,0,0,2,0,4,0,0,0,0,0,0,0,0,0,0,0,0,0,0,0,0,0,0.5,0.3,0.15,49,0.1,0.05,49,0.1,0.05,49,0.1,0.05,50,0.1,0.05,49,638,649,11,640.194444444444,3.21298964659284,10.3233024691128,0.501877152242558,19598.453606,30453.890408,30923.414572,29994.557124,"""642m Alacala"""
78,A2-13-1,Alcala,0.002389,4604.4370029301,11,0,0,11,0,0,0,0,4,0,11,0,0,0,0,0,0,0,0,0,0,0,0,0,0,0,0,0,1,0.3,0.3,90,0.1,0.1,50,0.1,0.1,50,0.1,0.1,50,0.1,0.1,50,635,638,3,637.739130434783,0.845314004156817,0.714555765623632,0.132548555328653,19639.681401,30446.139583,30916.405141,29986.044629,"""642m Alacala"""
79,A2-13-6,Alcala,0.00594,168.350168350168,1,0,0,1,0,0,0,0,5,0,1,0,0,0,0,0,0,0,0,0,0,0,0,0,0,0,0,0,0.5,0.3,0.15,49,0.1,0.05,49,0.1,0.05,49,0.1,0.05,50,0.1,0.05,49,629,656,27,646.1,9.81274681218135,96.2899999999752,1.51876595142878,19540.806475,30358.53143,30826.966275,29900.35383,"""642m Alacala"""
80,A2-13-4,Alcala,0.003385,2954.20974889217,10,0,0,10,0,0,0,0,4,0,10,0,0,0,0,0,0,0,0,0,0,0,0,0,0,0,0,0,0.9,0.3,0.27,75,0.1,0.09,50,0.1,0.09,50,0.1,0.09,50,0.1,0.09,50,629,641,12,631,3.19089614086986,10.1818181818182,0.505688770343877,19626.838368,30359.030284,30829.025558,29899.243772,"""642m Alacala"""
83,A1-17-2d,Alcala,0.005463,549.148819330038,3,0,0,3,0,0,0,0,2,0,3,0,0,0,0,0,0,0,0,0,0,0,0,0,0,0,0,0,0.5,0.3,0.15,49,0.1,0.05,49,0.1,0.05,49,0.1,0.05,50,0.1,0.05,49,623,638,15,632.222222222222,5.13039839138229,26.320987654298,0.811486564542014,22249.384667,30706.137087,31221.436959,30199.469406,"""642m Alacala"""
84,A1-17-2c,Alcala,0.00335,298.507462686567,1,0,0,1,0,0,0,0,1,0,1,0,0,0,0,0,0,0,0,0,0,0,0,0,0,0,0,0,0.25,0.3,0.075,49,0.1,0.025,49,0.1,0.025,49,0.1,0.025,50,0.1,0.025,49,622,638,16,625.060606060606,4.88001113970071,23.8145087236031,0.780726075581149,22260.992174,30684.22209,31199.740678,30177.334604,"""642m Alacala"""
85,A1-17-2b,Alcala,0.003689,4337.21875847113,16,2,0.13,14,0,0,0,0,8,0,15,1,1,0,0,0,0,0,0,0,0,0,0,0,1,0,0,0,1,0.3,0.3,90,0.1,0.1,50,0.1,0.1,50,0.7,0.7,90,0.7,0.7,90,622,624,2,623.243243243243,0.912537460318901,0.83272461648527,0.146417545671289,22278.470472,30672.253002,31188.07554,30165.054735,"""642m Alacala"""
86,A1-17-2a,Alcala,0.003979,1759.23598894195,7,2,0.29,4,0,1,0,0,0,0,6,1,1,0,0,0,0,0,0,0,0,0,0,1,0,0,0,0,0.9,0.3,0.27,75,0.3,0.27,75,0.3,0.27,75,0.7,0.63,90,0.7,0.63,75,622,624,2,623.459459459459,0.85722981229207,0.734842951082297,0.137495678233079,22297.091357,30657.602784,31173.751346,30150.071671,"""642m Alacala"""
85,A1-17-2b,Alcala,0.003689,4337.21875847113,16,2,0.13,14,0,0,0,0,8,0,15,1,1,0,0,0,0,0,0,0,0,0,0,0,1,0,0,0,1,0.3,0.3,90,0.1,0.1,50,0.1,0.1,50,0.7,0.7,90,0.7,0.7,90,622,624,2,623.243243243243,0.912537460318901,0.83272461648527,0.146417545671289,22278.470472,30672.253002,31188.07554,30165.054735,"""642m Alacala"""
225,VRN-1,Gorgos,0.073677,122.154810863635,9,1,0.11,8,0,0,0,1,1,0,8,1,1,0,0,0,0,0,0,0,0,0,0,0,0,0,0,0,0.75,0.3,0.225,50,0.7,0.525,75,0.5,0.375,75,0.3,0.225,25,0.3,0.225,25,284,347,63,298.96875,13.0659011720394,170.7177734375,4.37032337728922,14365.993047,19318.237115,19546.735086,18676.048874,"""246m Gorgos"""
101,PLL-1,Gorgos,0.110377,9.05985848501046,1,0,0,1,0,0,0,0,0,0,1,0,0,0,0,0,0,0,0,0,0,0,0,0,0,0,0,0,0.1,0.3,0.03,10,0.1,0.01,10,0.1,0.01,10,0.1,0.01,1,0.1,0.01,1,169,182,13,174.245487364621,3.16587562054931,10.0227684447885,1.81690537208834,11322.878814,13394.115837,13869.134486,13394.115837,"""246m Gorgos"""
102,PLL-2,Gorgos,0.035992,27.783951989331,1,0,0,0,0,1,0,0,0,0,0,1,0,0,0,0,0,0,0,0,0,0,0,0,0,0,0,0,0.25,0.1,0.025,1,0.7,0.175,50,0.5,0.125,50,0.3,0.075,10,0.3,0.075,10,169,181,12,172.983286908078,2.38489894055977,5.68774295668312,1.37868749240907,11266.286986,13333.277428,13809.738627,13333.277428,"""246m Gorgos"""
102,PLL-2,Gorgos,0.035992,27.783951989331,1,0,0,0,0,1,0,0,0,0,0,1,0,0,0,0,0,0,0,0,0,0,0,0,0,0,0,0,0.25,0.1,0.025,1,0.7,0.175,50,0.5,0.125,50,0.3,0.075,10,0.3,0.075,10,169,181,12,172.983286908078,2.38489894055977,5.68774295668312,1.37868749240907,11266.286986,13333.277428,13809.738627,13333.277428,"""246m Gorgos"""
101,PLL-1,Gorgos,0.110377,9.05985848501046,1,0,0,1,0,0,0,0,0,0,1,0,0,0,0,0,0,0,0,0,0,0,0,0,0,0,0,0,0.1,0.3,0.03,10,0.1,0.01,10,0.1,0.01,10,0.1,0.01,1,0.1,0.01,1,169,182,13,174.245487364621,3.16587562054931,10.0227684447885,1.81690537208834,11322.878814,13394.115837,13869.134486,13394.115837,"""246m Gorgos"""
104,PLL-4,Gorgos,0.066738,14.983967155144,1,1,1,0,1,0,0,0,0,0,0,1,0,0,0,0,0,0,0,0,0,0,0,0,1,0,0,0,0.1,0.1,0.01,1,0.9,0.09,50,0.5,0.05,25,0.3,0.03,10,0.3,0.03,10,174,185,11,179.96251874063,2.68876918178482,7.22947971291583,1.49407176594366,11424.571967,13446.633291,13938.84213,13446.633291,"""246m Gorgos"""
102,PLL-2,Gorgos,0.035992,27.783951989331,1,0,0,0,0,1,0,0,0,0,0,1,0,0,0,0,0,0,0,0,0,0,0,0,0,0,0,0,0.25,0.1,0.025,1,0.7,0.175,50,0.5,0.125,50,0.3,0.075,10,0.3,0.075,10,169,181,12,172.983286908078,2.38489894055977,5.68774295668312,1.37868749240907,11266.286986,13333.277428,13809.738627,13333.277428,"""246m Gorgos"""
104,PLL-4,Gorgos,0.066738,14.983967155144,1,1,1,0,1,0,0,0,0,0,0,1,0,0,0,0,0,0,0,0,0,0,0,0,1,0,0,0,0.1,0.1,0.01,1,0.9,0.09,50,0.5,0.05,25,0.3,0.03,10,0.3,0.03,10,174,185,11,179.96251874063,2.68876918178482,7.22947971291583,1.49407176594366,11424.571967,13446.633291,13938.84213,13446.633291,"""246m Gorgos"""
101,PLL-1,Gorgos,0.110377,9.05985848501046,1,0,0,1,0,0,0,0,0,0,1,0,0,0,0,0,0,0,0,0,0,0,0,0,0,0,0,0,0.1,0.3,0.03,10,0.1,0.01,10,0.1,0.01,10,0.1,0.01,1,0.1,0.01,1,169,182,13,174.245487364621,3.16587562054931,10.0227684447885,1.81690537208834,11322.878814,13394.115837,13869.134486,13394.115837,"""246m Gorgos"""
102,PLL-2,Gorgos,0.035992,27.783951989331,1,0,0,0,0,1,0,0,0,0,0,1,0,0,0,0,0,0,0,0,0,0,0,0,0,0,0,0,0.25,0.1,0.025,1,0.7,0.175,50,0.5,0.125,50,0.3,0.075,10,0.3,0.075,10,169,181,12,172.983286908078,2.38489894055977,5.68774295668312,1.37868749240907,11266.286986,13333.277428,13809.738627,13333.277428,"""246m Gorgos"""
101,PLL-1,Gorgos,0.110377,9.05985848501046,1,0,0,1,0,0,0,0,0,0,1,0,0,0,0,0,0,0,0,0,0,0,0,0,0,0,0,0,0.1,0.3,0.03,10,0.1,0.01,10,0.1,0.01,10,0.1,0.01,1,0.1,0.01,1,169,182,13,174.245487364621,3.16587562054931,10.0227684447885,1.81690537208834,11322.878814,13394.115837,13869.134486,13394.115837,"""246m Gorgos"""
104,PLL-4,Gorgos,0.066738,14.983967155144,1,1,1,0,1,0,0,0,0,0,0,1,0,0,0,0,0,0,0,0,0,0,0,0,1,0,0,0,0.1,0.1,0.01,1,0.9,0.09,50,0.5,0.05,25,0.3,0.03,10,0.3,0.03,10,174,185,11,179.96251874063,2.68876918178482,7.22947971291583,1.49407176594366,11424.571967,13446.633291,13938.84213,13446.633291,"""246m Gorgos"""
104,PLL-4,Gorgos,0.066738,14.983967155144,1,1,1,0,1,0,0,0,0,0,0,1,0,0,0,0,0,0,0,0,0,0,0,0,1,0,0,0,0.1,0.1,0.01,1,0.9,0.09,50,0.5,0.05,25,0.3,0.03,10,0.3,0.03,10,174,185,11,179.96251874063,2.68876918178482,7.22947971291583,1.49407176594366,11424.571967,13446.633291,13938.84213,13446.633291,"""246m Gorgos"""
105,PLL-7,Gorgos,0.048868,20.4632888597855,1,0,0,1,0,0,0,0,0,0,1,0,0,0,0,0,0,0,0,0,0,0,0,0,0,0,0,0,0.25,0.3,0.075,25,0.1,0.025,25,0.1,0.025,25,0.1,0.025,10,0.1,0.025,10,183,193,10,187.934426229508,2.33553344529033,5.45471647406974,1.24273848711366,11369.246176,13381.477965,13876.854469,13381.477965,"""246m Gorgos"""
105,PLL-7,Gorgos,0.048868,20.4632888597855,1,0,0,1,0,0,0,0,0,0,1,0,0,0,0,0,0,0,0,0,0,0,0,0,0,0,0,0,0.25,0.3,0.075,25,0.1,0.025,25,0.1,0.025,25,0.1,0.025,10,0.1,0.025,10,183,193,10,187.934426229508,2.33553344529033,5.45471647406974,1.24273848711366,11369.246176,13381.477965,13876.854469,13381.477965,"""246m Gorgos"""
105,PLL-7,Gorgos,0.048868,20.4632888597855,1,0,0,1,0,0,0,0,0,0,1,0,0,0,0,0,0,0,0,0,0,0,0,0,0,0,0,0,0.25,0.3,0.075,25,0.1,0.025,25,0.1,0.025,25,0.1,0.025,10,0.1,0.025,10,183,193,10,187.934426229508,2.33553344529033,5.45471647406974,1.24273848711366,11369.246176,13381.477965,13876.854469,13381.477965,"""246m Gorgos"""
107,PLL-9,Gorgos,0.051665,38.7109261589084,2,0,0,2,0,0,0,0,0,0,2,0,0,0,0,0,0,0,0,0,0,0,0,0,0,0,0,0,0.25,0.3,0.075,25,0.1,0.025,25,0.1,0.025,25,0.1,0.025,10,0.1,0.025,10,184,190,6,186.177042801556,1.74820035595208,3.05620448455099,0.938998884956759,11165.168017,13177.532145,13672.54447,13177.532145,"""246m Gorgos"""
110,PLL-10,Gorgos,0.07775,38.5852090032154,3,2,0.67,1,1,1,0,0,0,0,1,2,0,0,0,1,0,1,0,0,0,1,0,0,0,1,0,0,0.25,0.3,0.075,25,0.5,0.125,50,0.7,0.175,50,0.9,0.225,25,0.3,0.075,10,181,188,7,184.029487179487,1.21017152570609,1.4645151216298,0.657596532084983,10924.552009,12962.885674,13448.828532,12962.885674,"""246m Gorgos"""
111,PLL-11,Gorgos,0.091,10.989010989011,1,0,0,1,0,0,0,0,0,0,1,0,0,0,0,0,0,0,0,0,0,0,0,0,0,0,0,0,0.1,0.3,0.03,10,0.1,0.01,10,0.1,0.01,10,0.1,0.01,1,0.1,0.01,1,176,186,10,181.534653465347,2.21758112005615,4.91766602402948,1.22157454663578,10671.002715,12734.4943,13211.286184,12734.4943,"""246m Gorgos"""
111,PLL-11,Gorgos,0.091,10.989010989011,1,0,0,1,0,0,0,0,0,0,1,0,0,0,0,0,0,0,0,0,0,0,0,0,0,0,0,0,0.1,0.3,0.03,10,0.1,0.01,10,0.1,0.01,10,0.1,0.01,1,0.1,0.01,1,176,186,10,181.534653465347,2.21758112005615,4.91766602402948,1.22157454663578,10671.002715,12734.4943,13211.286184,12734.4943,"""246m Gorgos"""
111,PLL-11,Gorgos,0.091,10.989010989011,1,0,0,1,0,0,0,0,0,0,1,0,0,0,0,0,0,0,0,0,0,0,0,0,0,0,0,0,0.1,0.3,0.03,10,0.1,0.01,10,0.1,0.01,10,0.1,0.01,1,0.1,0.01,1,176,186,10,181.534653465347,2.21758112005615,4.91766602402948,1.22157454663578,10671.002715,12734.4943,13211.286184,12734.4943,"""246m Gorgos"""
113,PLL-13,Gorgos,0.105528,9.47615798650595,1,0,0,0,0,1,0,0,0,0,0,1,0,0,0,0,0,0,0,0,0,0,0,0,0,0,0,0,0.1,0.1,0.01,1,0.7,0.07,25,0.5,0.05,25,0.3,0.03,10,0.3,0.03,10,173,181,8,175.397727272727,1.73285829340212,3.00279786501249,0.987959376866771,10249.352512,12360.717697,12819.200013,12360.717697,"""246m Gorgos"""
113,PLL-13,Gorgos,0.105528,9.47615798650595,1,0,0,0,0,1,0,0,0,0,0,1,0,0,0,0,0,0,0,0,0,0,0,0,0,0,0,0,0.1,0.1,0.01,1,0.7,0.07,25,0.5,0.05,25,0.3,0.03,10,0.3,0.03,10,173,181,8,175.397727272727,1.73285829340212,3.00279786501249,0.987959376866771,10249.352512,12360.717697,12819.200013,12360.717697,"""246m Gorgos"""
113,PLL-13,Gorgos,0.105528,9.47615798650595,1,0,0,0,0,1,0,0,0,0,0,1,0,0,0,0,0,0,0,0,0,0,0,0,0,0,0,0,0.1,0.1,0.01,1,0.7,0.07,25,0.5,0.05,25,0.3,0.03,10,0.3,0.03,10,173,181,8,175.397727272727,1.73285829340212,3.00279786501249,0.987959376866771,10249.352512,12360.717697,12819.200013,12360.717697,"""246m Gorgos"""
113,PLL-13,Gorgos,0.105528,9.47615798650595,1,0,0,0,0,1,0,0,0,0,0,1,0,0,0,0,0,0,0,0,0,0,0,0,0,0,0,0,0.1,0.1,0.01,1,0.7,0.07,25,0.5,0.05,25,0.3,0.03,10,0.3,0.03,10,173,181,8,175.397727272727,1.73285829340212,3.00279786501249,0.987959376866771,10249.352512,12360.717697,12819.200013,12360.717697,"""246m Gorgos"""
122,SLN-3,Gorgos,0.051285,19.4988788144682,1,0,0,1,0,0,0,0,0,0,1,0,0,0,0,0,0,0,0,0,0,0,0,0,0,0,0,0,0.1,0.3,0.03,10,0.1,0.01,10,0.1,0.01,10,0.1,0.01,1,0.1,0.01,1,211,226,15,217.291338582677,4.47321025877623,20.0096100192209,2.05862336159074,13124.385317,15477.22595,15998.593859,15477.22595,"""246m Gorgos"""
122,SLN-3,Gorgos,0.051285,19.4988788144682,1,0,0,1,0,0,0,0,0,0,1,0,0,0,0,0,0,0,0,0,0,0,0,0,0,0,0,0,0.1,0.3,0.03,10,0.1,0.01,10,0.1,0.01,10,0.1,0.01,1,0.1,0.01,1,211,226,15,217.291338582677,4.47321025877623,20.0096100192209,2.05862336159074,13124.385317,15477.22595,15998.593859,15477.22595,"""246m Gorgos"""
122,SLN-3,Gorgos,0.051285,19.4988788144682,1,0,0,1,0,0,0,0,0,0,1,0,0,0,0,0,0,0,0,0,0,0,0,0,0,0,0,0,0.1,0.3,0.03,10,0.1,0.01,10,0.1,0.01,10,0.1,0.01,1,0.1,0.01,1,211,226,15,217.291338582677,4.47321025877623,20.0096100192209,2.05862336159074,13124.385317,15477.22595,15998.593859,15477.22595,"""246m Gorgos"""
122,SLN-3,Gorgos,0.051285,19.4988788144682,1,0,0,1,0,0,0,0,0,0,1,0,0,0,0,0,0,0,0,0,0,0,0,0,0,0,0,0,0.1,0.3,0.03,10,0.1,0.01,10,0.1,0.01,10,0.1,0.01,1,0.1,0.01,1,211,226,15,217.291338582677,4.47321025877623,20.0096100192209,2.05862336159074,13124.385317,15477.22595,15998.593859,15477.22595,"""246m Gorgos"""
134,PSS-1,Gorgos,0.030632,32.6455993732045,1,0,0,1,0,0,0,0,0,0,1,0,0,0,0,0,0,0,0,0,0,0,0,0,0,0,0,0,0.25,0.3,0.075,25,0.1,0.025,25,0.1,0.025,25,0.1,0.025,10,0.1,0.025,10,228,243,15,235.56393442623,4.32567753763864,18.7114861596315,1.83630722087183,12073.711922,15347.843782,15916.973248,15328.798048,"""246m Gorgos"""
141,PSS-6,Gorgos,0.087394,11.4424331189784,1,0,0,1,0,0,0,0,0,0,1,0,0,0,0,0,0,0,0,0,0,0,0,0,0,0,0,0,0.1,0.3,0.03,10,0.1,0.01,10,0.1,0.01,10,0.1,0.01,1,0.1,0.01,1,214,251,37,229.085910652921,6.6871298230535,44.7177052703715,2.91904892972004,11495.747181,14529.643105,15096.656065,14529.643105,"""246m Gorgos"""
144,PSS-11,Gorgos,0.076774,39.0757287623414,3,1,0.33,2,1,0,0,0,0,0,2,1,0,0,0,0,0,0,0,0,0,0,0,0,1,0,0,0,0.5,0.3,0.15,50,0.9,0.45,75,0.5,0.25,50,0.3,0.15,10,0.3,0.15,25,211,230,19,220.492307692308,5.4437630562894,29.6345562130213,2.46891291277429,12154.086363,14947.733112,15498.417428,14947.733112,"""246m Gorgos"""
145,PSS-12,Gorgos,0.061287,65.2666960366799,4,0,0,4,0,0,0,0,0,0,4,0,0,0,0,0,0,0,0,0,0,0,0,0,0,0,0,0,0.5,0.3,0.15,50,0.1,0.05,25,0.1,0.05,25,0.1,0.05,10,0.1,0.05,10,206,219,13,213.700331125828,3.25382096676059,10.5873508837308,1.52260923023312,12164.378272,14816.107284,15360.87205,14816.107284,"""246m Gorgos"""
150,CM-6,Gorgos,0.056927,17.5663569132398,1,0,0,1,0,0,0,0,0,0,1,0,0,0,0,0,0,0,0,0,0,0,0,0,0,0,0,0,0.1,0.3,0.03,10,0.1,0.01,10,0.1,0.01,10,0.1,0.01,1,0.1,0.01,1,262,352,90,287.057894736842,21.281615881207,452.907174515241,7.41370165092192,11632.834428,15500.430711,15703.580715,14790.082592,"""246m Gorgos"""
151,CM-7,Gorgos,0.018777,1384.67273792406,26,4,0.15,14,1,7,3,1,1,0,17,9,2,0,0,1,0,1,0,0,0,1,0,0,0,1,0,0,1,0.3,0.3,90,0.5,0.5,75,0.7,0.7,90,0.9,0.9,90,0.3,0.3,50,302,342,40,319.401069518717,10.2636161774466,105.341817037944,3.21339443005378,11375.567188,15276.99243,15453.402126,14539.26025,"""246m Gorgos"""
155,MSQ-1,Gorgos,0.007537,132.678784662332,1,0,0,1,0,0,0,0,0,0,1,0,0,0,0,0,0,0,0,0,0,0,0,0,0,0,0,0,0.75,0.3,0.225,50,0.1,0.075,25,0.1,0.075,25,0.1,0.075,10,0.1,0.075,10,249,262,13,251.546666666667,4.07035897952814,16.5678222222254,1.61813274390231,12942.276562,16560.524313,16996.2547,16085.017989,"""246m Gorgos"""
155,MSQ-1,Gorgos,0.007537,132.678784662332,1,0,0,1,0,0,0,0,0,0,1,0,0,0,0,0,0,0,0,0,0,0,0,0,0,0,0,0,0.75,0.3,0.225,50,0.1,0.075,25,0.1,0.075,25,0.1,0.075,10,0.1,0.075,10,249,262,13,251.546666666667,4.07035897952814,16.5678222222254,1.61813274390231,12942.276562,16560.524313,16996.2547,16085.017989,"""246m Gorgos"""
157,MSQ-19,Gorgos,0.033715,88.9811656532701,3,0,0,2,1,0,0,0,0,0,2,1,0,0,0,0,0,0,0,0,0,0,0,0,0,0,0,0,0.75,0.3,0.225,50,0.7,0.525,75,0.5,0.375,75,0.3,0.225,25,0.3,0.225,25,237,275,38,250.915407854985,6.18047589069502,38.1982822354624,2.46317113147033,12682.047579,16369.426011,16738.291215,15826.466917,"""246m Gorgos"""
155,MSQ-1,Gorgos,0.007537,132.678784662332,1,0,0,1,0,0,0,0,0,0,1,0,0,0,0,0,0,0,0,0,0,0,0,0,0,0,0,0,0.75,0.3,0.225,50,0.1,0.075,25,0.1,0.075,25,0.1,0.075,10,0.1,0.075,10,249,262,13,251.546666666667,4.07035897952814,16.5678222222254,1.61813274390231,12942.276562,16560.524313,16996.2547,16085.017989,"""246m Gorgos"""
155,MSQ-1,Gorgos,0.007537,132.678784662332,1,0,0,1,0,0,0,0,0,0,1,0,0,0,0,0,0,0,0,0,0,0,0,0,0,0,0,0,0.75,0.3,0.225,50,0.1,0.075,25,0.1,0.075,25,0.1,0.075,10,0.1,0.075,10,249,262,13,251.546666666667,4.07035897952814,16.5678222222254,1.61813274390231,12942.276562,16560.524313,16996.2547,16085.017989,"""246m Gorgos"""
165,MSQ-13,Gorgos,0.04208,23.7642585551331,1,0,0,1,0,0,0,0,0,0,1,0,0,0,0,0,0,0,0,0,0,0,0,0,0,0,0,0,0.25,0.3,0.075,25,0.1,0.025,25,0.1,0.025,25,0.1,0.025,10,0.1,0.025,10,230,238,8,233.062200956938,3.09976954503807,9.60857123234554,1.33001813778066,13349.937592,16839.054964,17404.942041,16506.744136,"""246m Gorgos"""
172,MSQ-20,Gorgos,0.117059,17.0854013787919,2,0,0,2,0,0,0,0,0,0,2,0,0,0,0,0,0,0,0,0,0,0,0,0,0,0,0,0,0.1,0.3,0.03,10,0.1,0.01,10,0.1,0.01,10,0.1,0.01,1,0.1,0.01,1,206,231,25,214.436161096829,4.74174464164231,22.4841422465436,2.21126167218651,12912.77485,16088.232599,16645.842697,16088.232599,"""246m Gorgos"""
175,RPL-2,Gorgos,0.0387,77.5193798449613,3,0,0,2,0,0,0,1,0,0,2,1,0,0,0,0,0,0,0,0,0,0,0,0,0,0,0,0,0.5,0.3,0.15,50,0.7,0.35,50,0.5,0.25,50,0.3,0.15,10,0.3,0.15,25,265,273,8,268.823979591837,2.10735749017972,4.44095559141656,0.783917228433036,13363.691866,17064.613767,17228.50967,16332.975091,"""246m Gorgos"""
179,RMP-3,Gorgos,0.019543,1228.06119838305,24,0,0,14,4,3,1,0,0,1,15,8,0,0,0,0,0,0,0,0,0,0,0,0,0,0,0,0,1,0.3,0.3,90,0.7,0.7,90,0.5,0.5,90,0.3,0.3,25,0.3,0.3,50,307,366,59,330.755102040816,17.420408641432,303.470637234479,5.26686014333417,14251.403055,17698.006301,17923.587803,17052.308346,"""246m Gorgos"""
180,RMP-4,Gorgos,0.034617,433.313112054771,15,0,0,10,4,0,1,0,0,0,11,4,0,0,0,0,0,0,0,0,0,0,0,0,0,0,0,0,1,0.3,0.3,90,0.7,0.7,90,0.5,0.5,90,0.3,0.3,25,0.3,0.3,50,300,312,12,305.394812680115,3.2320935046993,10.4464284231194,1.05833281067702,14358.583392,17822.513012,18042.95134,17169.272915,"""246m Gorgos"""
190,RMP-11,Gorgos,0.049696,20.1223438506117,1,0,0,1,0,0,0,0,0,0,1,0,0,0,0,0,0,0,0,0,0,0,0,0,0,0,0,0,0.1,0.3,0.03,10,0.1,0.01,10,0.1,0.01,10,0.1,0.01,1,0.1,0.01,1,288,304,16,293.877016129032,4.33652389404402,18.8054394836147,1.47562539975565,13999.046178,17505.554829,17711.922473,16832.277141,"""246m Gorgos"""
190,RMP-11,Gorgos,0.049696,20.1223438506117,1,0,0,1,0,0,0,0,0,0,1,0,0,0,0,0,0,0,0,0,0,0,0,0,0,0,0,0,0.1,0.3,0.03,10,0.1,0.01,10,0.1,0.01,10,0.1,0.01,1,0.1,0.01,1,288,304,16,293.877016129032,4.33652389404402,18.8054394836147,1.47562539975565,13999.046178,17505.554829,17711.922473,16832.277141,"""246m Gorgos"""
203,ARN-9,Gorgos,0.012124,82.4810293632465,1,0,0,0,1,0,0,0,0,0,0,1,0,0,0,0,0,0,0,0,0,0,0,0,0,0,0,0,0.75,0.1,0.075,25,0.7,0.525,75,0.5,0.375,75,0.3,0.225,25,0.3,0.225,25,276,287,11,279.696721311475,3.21086614192239,10.3096613813436,1.14798133023044,14288.457011,18263.824508,18441.526654,17550.363754,"""246m Gorgos"""
212,RIU-1,Gorgos,0.05705,17.5284837861525,1,0,0,1,0,0,0,0,0,0,1,0,0,0,0,0,0,0,0,0,0,0,0,0,0,0,0,0,0.1,0.3,0.03,10,0.1,0.01,10,0.1,0.01,10,0.1,0.01,1,0.1,0.01,1,245,264,19,256.702987697715,3.9283577470232,15.4319945885972,1.53031243705239,13695.593862,18758.479917,18923.422943,18027.650442,"""246m Gorgos"""
215,RIU-4,Gorgos,0.038401,624.983724382178,24,1,0.04,18,0,2,1,1,0,1,19,4,1,0,0,0,0,0,0,0,0,0,0,0,0,0,0,0,1,0.3,0.3,90,0.7,0.7,90,0.5,0.5,90,0.3,0.3,25,0.3,0.3,50,261,282,21,270.865284974093,4.10010577983534,16.8108674058391,1.51370663103893,13766.516472,19088.888744,19275.487117,18387.315758,"""246m Gorgos"""
216,RIU-5,Gorgos,0.028082,35.6099992878,1,0,0,1,0,0,0,0,0,0,1,0,0,0,0,0,0,0,0,0,0,0,0,0,0,0,0,0,0.25,0.3,0.075,25,0.1,0.025,25,0.1,0.025,25,0.1,0.025,10,0.1,0.025,10,272,286,14,281.421985815603,2.86751411352808,8.22263719128273,1.01893748820569,13801.064416,19167.394124,19359.628198,18473.586272,"""246m Gorgos"""
218,GRR-1,Gorgos,0.022167,180.448414309559,4,1,0.25,4,0,0,0,0,0,0,4,0,0,0,0,0,0,0,0,0,0,0,0,1,0,0,0,0,0.9,0.9,0.81,90,0.1,0.09,50,0.1,0.09,50,0.1,0.09,10,0.1,0.09,10,265,279,14,269.823529411765,3.85490088671836,14.860260846422,1.42867484356251,13352.896876,19287.487244,19458.345603,18564.421097,"""246m Gorgos"""
219,GRR-2,Gorgos,0.036936,81.2215724496426,3,0,0,3,0,0,0,0,0,0,3,0,0,0,0,0,0,0,0,0,0,0,0,0,0,0,0,0,0.75,0.3,0.225,50,0.1,0.075,25,0.1,0.075,25,0.1,0.075,10,0.1,0.075,10,258,277,19,265.086021505376,4.03054443873935,16.2452884726527,1.52046660772628,13324.078949,19102.460771,19268.563235,18373.073258,"""246m Gorgos"""
219,GRR-2,Gorgos,0.036936,81.2215724496426,3,0,0,3,0,0,0,0,0,0,3,0,0,0,0,0,0,0,0,0,0,0,0,0,0,0,0,0,0.75,0.3,0.225,50,0.1,0.075,25,0.1,0.075,25,0.1,0.075,10,0.1,0.075,10,258,277,19,265.086021505376,4.03054443873935,16.2452884726527,1.52046660772628,13324.078949,19102.460771,19268.563235,18373.073258,"""246m Gorgos"""
221,GRR-3,Gorgos,0.066727,59.9457490970672,4,0,0,4,0,0,0,0,0,0,4,0,0,0,0,0,0,0,0,0,0,0,0,0,0,0,0,0,0.5,0.3,0.15,50,0.1,0.05,25,0.1,0.05,25,0.1,0.05,10,0.1,0.05,10,254,265,11,259.67969924812,2.50075956577046,6.25379840579248,0.963016967830444,13463.925333,18914.624721,19072.49468,18174.354404,"""246m Gorgos"""
229,VLS-1,Gorgos,0.085902,81.4882074922586,7,0,0,5,0,1,0,1,0,0,5,2,0,0,0,0,0,0,0,0,0,0,0,0,0,0,0,0,0.75,0.3,0.225,50,0.7,0.525,75,0.5,0.375,75,0.3,0.225,25,0.3,0.225,25,288,322,34,297.04161849711,6.95406079512691,48.3589615423211,2.34110655278246,12350.284573,20124.415881,20472.302377,19574.409956,"""246m Gorgos"""
233,IM-4,Gorgos,0.157784,6.33777822846423,1,0,0,1,0,0,0,0,0,0,1,0,0,0,0,0,0,0,0,0,0,0,0,0,0,0,0,0,0.1,0.3,0.03,10,0.1,0.01,10,0.1,0.01,10,0.1,0.01,1,0.1,0.01,1,273,329,56,303.076485461441,17.7855917136251,316.327272603771,5.86835091694631,14953.485301,19109.559956,19359.856054,18499.850581,"""246m Gorgos"""
101,PLL-1,Gorgos,0.110377,9.05985848501046,1,0,0,1,0,0,0,0,0,0,1,0,0,0,0,0,0,0,0,0,0,0,0,0,0,0,0,0,0.1,0.3,0.03,10,0.1,0.01,10,0.1,0.01,10,0.1,0.01,1,0.1,0.01,1,169,182,13,174.245487364621,3.16587562054931,10.0227684447885,1.81690537208834,11322.878814,13394.115837,13869.134486,13394.115837,"""246m Gorgos"""
105,PLL-7,Gorgos,0.048868,20.4632888597855,1,0,0,1,0,0,0,0,0,0,1,0,0,0,0,0,0,0,0,0,0,0,0,0,0,0,0,0,0.25,0.3,0.075,25,0.1,0.025,25,0.1,0.025,25,0.1,0.025,10,0.1,0.025,10,183,193,10,187.934426229508,2.33553344529033,5.45471647406974,1.24273848711366,11369.246176,13381.477965,13876.854469,13381.477965,"""246m Gorgos"""
107,PLL-9,Gorgos,0.051665,38.7109261589084,2,0,0,2,0,0,0,0,0,0,2,0,0,0,0,0,0,0,0,0,0,0,0,0,0,0,0,0,0.25,0.3,0.075,25,0.1,0.025,25,0.1,0.025,25,0.1,0.025,10,0.1,0.025,10,184,190,6,186.177042801556,1.74820035595208,3.05620448455099,0.938998884956759,11165.168017,13177.532145,13672.54447,13177.532145,"""246m Gorgos"""
418,XIII-12-1,Serpis,0.098094,592.0179646831,6,0,0,0,1,1,4,0,43,0,4,2,0,0,0,0,0,0,0,0,0,0,0,0,0,0,0,0,0.75,0.3,0.225,50,0.7,0.525,90,0.5,0.375,50,0.3,0.225,50,0.3,0.225,50,426,438,12,432.2142857143,4.3618241831,19.0255102041,1.0091809381,31258.659437,38992.78502,39325.760109,38508.998668,"""411m Serpis"""
247,XIII-21-6,Serpis,0.024947,1003.6130068246,2,1,0.5,0,0,1,1,0,12,0,1,1,1,0,0,0,0,0,0,0,0,0,0,0,0,0,0,0,0.9,0.3,0.27,50,0.7,0.63,90,0.5,0.45,75,0.3,0.27,50,0.3,0.27,50,417,420,3,419,1.4142135624,2,0.3375211366,32416.671097,38599.515285,38807.747891,38146.904099,"""411m Serpis"""
254,XIII-21-13,Serpis,0.030637,915.0326797386,7,3,0.43,0,3,4,0,0,16,0,0,7,1,0,2,0,0,0,0,0,0,0,0,1,1,0,0,0,0.75,0.5,0.375,75,0.5,0.375,50,0.5,0.375,50,0.7,0.525,90,0.7,0.525,75,425,429,4,427.4,1.4966629547,2.24,0.3501785107,32294.770287,38025.99751,38267.868256,37569.25717,"""411m Serpis"""
254,XIII-21-13,Serpis,0.030637,915.0326797386,7,3,0.43,0,3,4,0,0,16,0,0,7,1,0,2,0,0,0,0,0,0,0,0,1,1,0,0,0,0.75,0.5,0.375,75,0.5,0.375,50,0.5,0.375,50,0.7,0.525,90,0.7,0.525,75,425,429,4,427.4,1.4966629547,2.24,0.3501785107,32294.770287,38025.99751,38267.868256,37569.25717,"""411m Serpis"""
254,XIII-21-13,Serpis,0.030637,915.0326797386,7,3,0.43,0,3,4,0,0,16,0,0,7,1,0,2,0,0,0,0,0,0,0,0,1,1,0,0,0,0.75,0.5,0.375,75,0.5,0.375,50,0.5,0.375,50,0.7,0.525,90,0.7,0.525,75,425,429,4,427.4,1.4966629547,2.24,0.3501785107,32294.770287,38025.99751,38267.868256,37569.25717,"""411m Serpis"""
254,XIII-21-13,Serpis,0.030637,915.0326797386,7,3,0.43,0,3,4,0,0,16,0,0,7,1,0,2,0,0,0,0,0,0,0,0,1,1,0,0,0,0.75,0.5,0.375,75,0.5,0.375,50,0.5,0.375,50,0.7,0.525,90,0.7,0.525,75,425,429,4,427.4,1.4966629547,2.24,0.3501785107,32294.770287,38025.99751,38267.868256,37569.25717,"""411m Serpis"""
259,XIII-22-3,Serpis,0.016009,1751.0944340213,1,1,1,0,0,1,0,0,20,0,0,1,1,0,0,0,0,0,0,0,0,0,0,0,0,0,0,0,1,0.1,0.1,50,0.7,0.7,90,0.5,0.5,75,0.3,0.3,50,0.3,0.3,50,397,410,13,403.3333333333,5.3124591502,28.2222222222,1.3171386323,32119.274453,37802.507314,38096.256543,37337.568101,"""411m Serpis"""
264,XIII-22-8,Serpis,0.02975,2288.7916526422,20,5,0.25,0,3,12,4,1,48,0,4,16,1,0,1,1,0,0,0,0,0,0,0,0,3,1,0,0,1,0.3,0.3,75,0.5,0.5,75,0.5,0.5,75,0.3,0.3,50,0.3,0.3,50,400,411,11,405.8333333333,4.2196629671,17.8055555556,1.0397526818,32355.544007,37626.393696,37872.677322,37170.049264,"""411m Serpis"""
264,XIII-22-8,Serpis,0.02975,2288.7916526422,20,5,0.25,0,3,12,4,1,48,0,4,16,1,0,1,1,0,0,0,0,0,0,0,0,3,1,0,0,1,0.3,0.3,75,0.5,0.5,75,0.5,0.5,75,0.3,0.3,50,0.3,0.3,50,400,411,11,405.8333333333,4.2196629671,17.8055555556,1.0397526818,32355.544007,37626.393696,37872.677322,37170.049264,"""411m Serpis"""
266,XIII-23-1,Serpis,0.023679,295.9830866808,2,2,1,0,1,0,0,1,1,0,0,2,1,0,0,0,0,0,0,0,0,0,0,0,1,0,0,0,0.5,0.1,0.05,25,0.9,0.45,75,0.5,0.25,50,0.3,0.15,25,0.3,0.15,25,425,425,0,425,0,0,0,32633.30875,38185.911244,38374.483342,37737.814692,"""411m Serpis"""
291,XIV-10-2,Serpis,0.062621,127.9181323953,2,0,0,0,0,1,1,0,5,0,1,1,0,0,0,0,0,0,0,0,0,0,0,0,0,0,0,0,0.25,0.3,0.075,50,0.7,0.175,50,0.5,0.125,25,0.3,0.075,25,0.3,0.075,25,355,372,17,365.5555555556,6.3440455216,40.2469135802,1.7354531822,31518.977562,37146.117305,37477.360743,36659.729467,"""411m Serpis"""
303,XIV-11-10,Serpis,0.01206,11046.511627907,9,8,0.89,0,3,1,5,0,111,0,5,4,0,0,0,1,1,1,0,0,2,1,0,1,2,1,2,0,1,0.5,0.5,90,0.5,0.5,75,0.7,0.7,90,0.5,0.5,75,0.9,0.9,90,353,353,0,353,0,0,0,30980.98393,36749.00972,37069.425997,36244.712783,"""411m Serpis"""
312,XI-9-5,Serpis,0.023676,761.421319797,3,1,0.33,0,1,2,0,0,12,0,0,3,0,0,0,1,0,0,0,0,0,0,0,0,0,1,0,0,0.75,0.1,0.075,50,0.1,0.075,50,0.5,0.375,50,0.3,0.225,50,0.3,0.225,50,388,397,9,393,3.7416573868,14,0.9520756709,30153.655767,38221.818426,38533.105779,37702.357791,"""411m Serpis"""
322,XI-3-10,Serpis,0.029786,1411.7647058824,4,5,1.25,0,2,1,1,0,34,0,1,3,1,0,0,0,0,0,0,0,1,0,1,1,1,0,2,0,0.9,0.5,0.45,90,0.5,0.45,75,0.5,0.45,75,0.3,0.27,50,0.9,0.81,90,376,379,3,377.6,1.2,1.44,0.3177966102,29776.302934,37964.194858,38267.626095,37432.084558,"""411m Serpis"""
329,XIII-7-1,Serpis,0.099157,30.2938503484,2,0,0,0,0,0,1,1,0,0,1,1,0,0,0,0,0,0,0,0,0,0,0,0,0,0,0,0,0.1,0.3,0.03,10,0.7,0.07,25,0.5,0.05,25,0.3,0.03,10,0.3,0.03,10,401,415,14,408.8125,4.0960155945,16.77734375,1.0019301255,30620.141961,38713.879012,39035.146735,38210.673607,"""411m Serpis"""
360,XLVI-8-4,Serpis,0.015433,389.357560026,24,20,0.83,0,7,6,8,3,45,0,8,16,5,1,0,2,0,5,0,0,1,6,0,3,2,2,1,0,0.75,0.5,0.375,75,0.5,0.375,50,0.7,0.525,90,0.5,0.375,75,0.9,0.675,75,,,,,,,,32743.479001,38532.92615,38680.037356,38062.403306,"""411m Serpis"""
360,XLVI-8-4,Serpis,0.015433,389.357560026,24,20,0.83,0,7,6,8,3,45,0,8,16,5,1,0,2,0,5,0,0,1,6,0,3,2,2,1,0,0.75,0.5,0.375,75,0.5,0.375,50,0.7,0.525,90,0.5,0.375,75,0.9,0.675,75,,,,,,,,32743.479001,38532.92615,38680.037356,38062.403306,"""411m Serpis"""
361,XLVI-8-5,Serpis,0.032822,213.5448444173,1,1,1,0,0,0,0,1,2,0,0,1,0,0,0,0,0,1,0,0,0,1,0,0,0,0,0,0,0.5,0.1,0.05,25,0.1,0.05,25,0.9,0.45,75,0.7,0.35,75,0.5,0.25,50,,,,,,,,32677.401176,38590.547858,38755.345329,38135.076733,"""411m Serpis"""
362,XLVI-8-6,Serpis,0.036217,276.4722145424,2,1,0.5,0,1,1,0,0,1,0,0,2,1,0,0,0,0,0,0,0,0,0,0,0,0,0,0,0,0.5,0.1,0.05,25,0.1,0.05,25,0.5,0.25,50,0.7,0.35,75,0.7,0.35,50,,,,,,,,32597.777757,38466.383282,38649.470143,38018.435317,"""411m Serpis"""
364,XLVI-8-7,Serpis,0.018242,1317.2338090011,30,14,0.47,0,13,9,5,3,41,0,5,25,2,0,1,0,1,3,0,1,0,3,0,3,4,0,0,2,0.9,0.5,0.45,90,0.5,0.45,75,0.7,0.63,90,0.9,0.81,90,0.5,0.45,75,,,,,,,,32538.757445,38913.071155,39088.805522,38465.146606,"""411m Serpis"""
366,XLVI-8-10,Serpis,0.012786,313.2341425215,1,1,1,0,1,0,0,0,2,0,0,1,0,0,0,0,0,0,0,0,0,0,0,1,0,0,0,0,0.75,0.3,0.225,50,0.1,0.075,50,0.3,0.225,25,0.7,0.525,90,0.7,0.525,75,,,,,,,,32628.476431,39026.331672,39183.032418,38564.810427,"""411m Serpis"""
367,XLVI-8-13,Serpis,0.027724,975.0812567714,29,11,0.38,0,14,10,2,3,42,0,2,27,2,0,3,4,0,0,0,0,1,0,0,0,4,4,1,0,0.9,0.3,0.27,50,0.5,0.45,75,0.5,0.45,75,0.5,0.45,75,0.9,0.81,90,,,,,,,,32758.466593,38872.166385,39001.765555,38387.472208,"""411m Serpis"""
367,XLVI-8-13,Serpis,0.027724,975.0812567714,29,11,0.38,0,14,10,2,3,42,0,2,27,2,0,3,4,0,0,0,0,1,0,0,0,4,4,1,0,0.9,0.3,0.27,50,0.5,0.45,75,0.5,0.45,75,0.5,0.45,75,0.9,0.81,90,,,,,,,,32758.466593,38872.166385,39001.765555,38387.472208,"""411m Serpis"""
367,XLVI-8-13,Serpis,0.027724,975.0812567714,29,11,0.38,0,14,10,2,3,42,0,2,27,2,0,3,4,0,0,0,0,1,0,0,0,4,4,1,0,0.9,0.3,0.27,50,0.5,0.45,75,0.5,0.45,75,0.5,0.45,75,0.9,0.81,90,,,,,,,,32758.466593,38872.166385,39001.765555,38387.472208,"""411m Serpis"""
371,XLVI-8-17,Serpis,0.037358,134.0123291343,12,4,0.33,0,8,3,0,1,51,0,0,12,3,0,2,1,0,0,0,0,0,0,0,0,0,1,0,1,0.5,0.1,0.05,25,0.1,0.05,25,0.5,0.25,50,0.7,0.35,75,0.5,0.25,50,,,,,,,,32988.095048,38953.727961,39053.326092,38443.851997,"""411m Serpis"""
390,XLVI-6-1,Serpis,0.014693,613.4969325153,5,1,0.2,0,2,0,2,1,2,0,2,3,0,0,0,1,0,0,0,0,0,0,0,0,0,1,0,0,0.75,0.3,0.225,50,0.1,0.075,50,0.5,0.375,50,0.7,0.525,90,0.5,0.375,75,,,,,,,,32916.993246,38518.930821,38646.209131,38031.628298,"""411m Serpis"""
390,XLVI-6-1,Serpis,0.014693,613.4969325153,5,1,0.2,0,2,0,2,1,2,0,2,3,0,0,0,1,0,0,0,0,0,0,0,0,0,1,0,0,0.75,0.3,0.225,50,0.1,0.075,50,0.5,0.375,50,0.7,0.525,90,0.5,0.375,75,,,,,,,,32916.993246,38518.930821,38646.209131,38031.628298,"""411m Serpis"""
390,XLVI-6-1,Serpis,0.014693,613.4969325153,5,1,0.2,0,2,0,2,1,2,0,2,3,0,0,0,1,0,0,0,0,0,0,0,0,0,1,0,0,0.75,0.3,0.225,50,0.1,0.075,50,0.5,0.375,50,0.7,0.525,90,0.5,0.375,75,,,,,,,,32916.993246,38518.930821,38646.209131,38031.628298,"""411m Serpis"""
398,XLVI-7-1,Serpis,0.007466,536.1930294906,1,0,0,0,1,0,0,0,3,0,0,1,0,0,0,0,0,0,0,0,0,0,0,0,0,0,0,0,0.75,0.1,0.075,50,0.7,0.525,90,0.5,0.375,50,0.3,0.225,50,0.3,0.225,50,429,431,2,430,1,1,0.2325581395,32675.545168,38357.428424,38531.770261,37909.59434,"""411m Serpis"""
398,XLVI-7-1,Serpis,0.007466,536.1930294906,1,0,0,0,1,0,0,0,3,0,0,1,0,0,0,0,0,0,0,0,0,0,0,0,0,0,0,0,0.75,0.1,0.075,50,0.7,0.525,90,0.5,0.375,50,0.3,0.225,50,0.3,0.225,50,429,431,2,430,1,1,0.2325581395,32675.545168,38357.428424,38531.770261,37909.59434,"""411m Serpis"""
403,XIV-6-3,Serpis,0.014246,702.7406886859,3,0,0,0,1,0,2,0,7,0,2,1,0,0,0,0,0,0,0,0,0,0,0,0,0,0,0,0,0.75,0.3,0.225,50,0.7,0.525,90,0.5,0.375,50,0.3,0.225,50,0.3,0.225,50,368,368,0,368,0,0,0,31145.287317,37381.392814,37706.792525,36885.228874,"""411m Serpis"""
409,XIV-4-3,Serpis,0.023798,2397.9806478755,6,2,0.33,0,0,1,5,0,49,0,5,1,1,0,0,0,0,0,0,0,0,0,1,0,0,0,1,0,1,0.3,0.3,75,0.1,0.1,50,0.5,0.5,75,0.3,0.3,50,0.9,0.9,90,350,359,9,357.2,3.6,12.96,1.0078387458,30601.304491,36936.810395,37251.022555,36422.31075,"""411m Serpis"""
413,XLVI-3-1,Serpis,0.094954,84.3614889803,2,1,0.5,0,0,0,2,0,2,0,2,0,1,0,0,0,0,0,0,0,0,0,0,0,0,0,0,0,0.25,0.3,0.075,50,0.1,0.025,10,0.1,0.025,10,0.1,0.025,10,0.1,0.025,10,412,425,13,418.6428571429,3.5578312587,12.6581632653,0.8498487907,33469.492707,38166.754662,38213.991524,37611.236851,"""411m Serpis"""
417,XIV-8-1,Serpis,0.059514,252.3977788995,2,0,0,0,0,2,0,0,7,0,0,2,0,0,0,0,0,0,0,0,0,0,0,0,0,0,0,0,0.5,0.1,0.05,25,0.7,0.35,50,0.5,0.25,50,0.3,0.15,25,0.3,0.15,25,367,386,19,374.6363636364,5.7567782542,33.1404958678,1.5366309341,31796.009811,37509.58521,37847.435363,37034.245994,"""411m Serpis"""
417,XIV-8-1,Serpis,0.059514,252.3977788995,2,0,0,0,0,2,0,0,7,0,0,2,0,0,0,0,0,0,0,0,0,0,0,0,0,0,0,0,0.5,0.1,0.05,25,0.7,0.35,50,0.5,0.25,50,0.3,0.15,25,0.3,0.15,25,367,386,19,374.6363636364,5.7567782542,33.1404958678,1.5366309341,31796.009811,37509.58521,37847.435363,37034.245994,"""411m Serpis"""
364,XLVI-8-7,Serpis,0.018242,1317.2338090011,30,14,0.47,0,13,9,5,3,41,0,5,25,2,0,1,0,1,3,0,1,0,3,0,3,4,0,0,2,0.9,0.5,0.45,90,0.5,0.45,75,0.7,0.63,90,0.9,0.81,90,0.5,0.45,75,,,,,,,,32538.757445,38913.071155,39088.805522,38465.146606,"""411m Serpis"""
417,XIV-8-1,Serpis,0.059514,252.3977788995,2,0,0,0,0,2,0,0,7,0,0,2,0,0,0,0,0,0,0,0,0,0,0,0,0,0,0,0,0.5,0.1,0.05,25,0.7,0.35,50,0.5,0.25,50,0.3,0.15,25,0.3,0.15,25,367,386,19,374.6363636364,5.7567782542,33.1404958678,1.5366309341,31796.009811,37509.58521,37847.435363,37034.245994,"""411m Serpis"""
417,XIV-8-1,Serpis,0.059514,252.3977788995,2,0,0,0,0,2,0,0,7,0,0,2,0,0,0,0,0,0,0,0,0,0,0,0,0,0,0,0,0.5,0.1,0.05,25,0.7,0.35,50,0.5,0.25,50,0.3,0.15,25,0.3,0.15,25,367,386,19,374.6363636364,5.7567782542,33.1404958678,1.5366309341,31796.009811,37509.58521,37847.435363,37034.245994,"""411m Serpis"""
403,XIV-6-3,Serpis,0.014246,702.7406886859,3,0,0,0,1,0,2,0,7,0,2,1,0,0,0,0,0,0,0,0,0,0,0,0,0,0,0,0,0.75,0.3,0.225,50,0.7,0.525,90,0.5,0.375,50,0.3,0.225,50,0.3,0.225,50,368,368,0,368,0,0,0,31145.287317,37381.392814,37706.792525,36885.228874,"""411m Serpis"""
417,XIV-8-1,Serpis,0.059514,252.3977788995,2,0,0,0,0,2,0,0,7,0,0,2,0,0,0,0,0,0,0,0,0,0,0,0,0,0,0,0,0.5,0.1,0.05,25,0.7,0.35,50,0.5,0.25,50,0.3,0.15,25,0.3,0.15,25,367,386,19,374.6363636364,5.7567782542,33.1404958678,1.5366309341,31796.009811,37509.58521,37847.435363,37034.245994,"""411m Serpis"""
417,XIV-8-1,Serpis,0.059514,252.3977788995,2,0,0,0,0,2,0,0,7,0,0,2,0,0,0,0,0,0,0,0,0,0,0,0,0,0,0,0,0.5,0.1,0.05,25,0.7,0.35,50,0.5,0.25,50,0.3,0.15,25,0.3,0.15,25,367,386,19,374.6363636364,5.7567782542,33.1404958678,1.5366309341,31796.009811,37509.58521,37847.435363,37034.245994,"""411m Serpis"""
417,XIV-8-1,Serpis,0.059514,252.3977788995,2,0,0,0,0,2,0,0,7,0,0,2,0,0,0,0,0,0,0,0,0,0,0,0,0,0,0,0,0.5,0.1,0.05,25,0.7,0.35,50,0.5,0.25,50,0.3,0.15,25,0.3,0.15,25,367,386,19,374.6363636364,5.7567782542,33.1404958678,1.5366309341,31796.009811,37509.58521,37847.435363,37034.245994,"""411m Serpis"""
417,XIV-8-1,Serpis,0.059514,252.3977788995,2,0,0,0,0,2,0,0,7,0,0,2,0,0,0,0,0,0,0,0,0,0,0,0,0,0,0,0,0.5,0.1,0.05,25,0.7,0.35,50,0.5,0.25,50,0.3,0.15,25,0.3,0.15,25,367,386,19,374.6363636364,5.7567782542,33.1404958678,1.5366309341,31796.009811,37509.58521,37847.435363,37034.245994,"""411m Serpis"""
417,XIV-8-1,Serpis,0.059514,252.3977788995,2,0,0,0,0,2,0,0,7,0,0,2,0,0,0,0,0,0,0,0,0,0,0,0,0,0,0,0,0.5,0.1,0.05,25,0.7,0.35,50,0.5,0.25,50,0.3,0.15,25,0.3,0.15,25,367,386,19,374.6363636364,5.7567782542,33.1404958678,1.5366309341,31796.009811,37509.58521,37847.435363,37034.245994,"""411m Serpis"""
417,XIV-8-1,Serpis,0.059514,252.3977788995,2,0,0,0,0,2,0,0,7,0,0,2,0,0,0,0,0,0,0,0,0,0,0,0,0,0,0,0,0.5,0.1,0.05,25,0.7,0.35,50,0.5,0.25,50,0.3,0.15,25,0.3,0.15,25,367,386,19,374.6363636364,5.7567782542,33.1404958678,1.5366309341,31796.009811,37509.58521,37847.435363,37034.245994,"""411m Serpis"""
417,XIV-8-1,Serpis,0.059514,252.3977788995,2,0,0,0,0,2,0,0,7,0,0,2,0,0,0,0,0,0,0,0,0,0,0,0,0,0,0,0,0.5,0.1,0.05,25,0.7,0.35,50,0.5,0.25,50,0.3,0.15,25,0.3,0.15,25,367,386,19,374.6363636364,5.7567782542,33.1404958678,1.5366309341,31796.009811,37509.58521,37847.435363,37034.245994,"""411m Serpis"""
841,NB-10-1,Polop,0.009324,1823.25182325182,17,0,0,13,0,0,4,0,15,0,17,0,0,0,0,0,0,0,0,0,0,0,0,0,0,0,0,0,0.9,0.3,0.27,75,0.1,0.09,50,0.1,0.09,50,0.1,0.09,50,0,0,0,799,805,6,801.521276595745,2.22523593491178,4.95167496602269,0.277626558381943,31892.334566,34485.63809,34485.63809,33978.493351,"""809m Polop"""
817,NA-3-4,Polop,0.022801,43.8577255383536,1,1,1,1,0,0,0,0,1,0,1,0,0,0,0,0,0,0,0,0,0,0,0,1,0,0,0,0,0.25,0,0,0,0.1,0.03,0,0.1,0.03,0,0.1,0.03,0,0,0,0,900,926,26,913.04845814978,7.97089058647709,63.5350967415892,0.872997540856645,32979.75074,36049.703841,36049.703841,35512.649504,"""809m Polop"""
818,NA-3-5,Polop,0.030143,66.3503964436187,2,0,0,2,0,0,0,0,3,0,2,0,0,0,0,0,0,0,0,0,0,0,0,0,0,0,0,0,0.5,0.3,0.15,50,0.1,0.05,0,0.1,0.05,0,0.7,0.35,75,0.5,0.25,0,903,945,42,915.635761589404,11.1566114652636,124.469979386851,1.21845519072971,33124.030259,36220.697935,36220.697935,35682.106592,"""809m Polop"""
819,NA-3-6,Polop,0.0052,769.230769230769,4,1,0.25,3,0,0,1,0,1,0,4,0,1,0,0,0,0,0,0,0,0,0,0,0,0,0,0,0,0.9,0.3,0.27,75,0.1,0.09,50,0.1,0.09,50,0.7,0.63,90,0.5,0.45,50,923,938,15,925.326530612245,4.96266779432936,24.6280716368738,0.536315303857742,33171.00457,36288.444623,36288.444623,35748.572935,"""809m Polop"""
820,NA-3-7,Polop,0.019852,50.3727584122507,1,0,0,1,0,0,0,0,3,0,1,0,0,0,0,0,0,0,0,0,0,0,0,0,0,0,0,0,0.5,0.3,0.15,50,0.1,0.05,0,0.1,0.05,0,0.1,0.05,0,0,0,0,897,953,56,924.56783919598,12.6341712140357,159.622282265568,1.36649477500998,32859.513963,35878.134015,35878.134015,35344.250139,"""809m Polop"""
821,NA-3-8,Polop,0.049841,40.1276057864007,2,0,0,2,0,0,0,0,5,0,2,0,0,0,0,0,0,0,0,0,0,0,0,0,0,0,0,0,0.25,0.3,0.08,0,0.1,0.03,0,0.1,0.03,0,0.1,0.03,0,0,0,0,880,923,43,893.917670682731,9.82227863718625,96.4771576265255,1.09879007422288,32755.044097,35795.997867,35795.997867,35260.519421,"""809m Polop"""
822,NA-3-9,Polop,0.042691,23.4241409196318,1,0,0,1,0,0,0,0,0,0,1,0,0,0,0,0,0,0,0,0,0,0,0,0,0,0,0,0,0.1,0.3,0.03,0,0.1,0.01,0,0.1,0.01,0,0.1,0.01,0,0,0,0,858,889,31,873.353629976581,7.31198398343737,53.4651097740446,0.837230616838844,32635.566156,35693.51205,35693.51205,35156.768102,"""809m Polop"""
829,NA-5-(4-7),Polop,0.023809,42.0009240203284,1,0,0,1,0,0,0,0,1,0,1,0,0,0,0,0,0,0,0,0,0,0,0,0,0,0,0,0,0.1,0.3,0.03,0,0.1,0.01,0,0.1,0.01,0,0.7,0.07,0,0.5,0.05,0,799,809,10,804.909836065574,2.07445074051106,4.3033458748069,0.257724610578875,32380.318109,34882.661185,34882.661185,34382.447635,"""809m Polop"""
836,NA-5-1,Polop,0.010547,3982.17502607376,42,3,0.07,31,2,1,7,1,27,0,38,4,0,0,0,0,0,0,0,0,0,0,0,2,1,0,0,0,1,0.7,0.7,90,0.9,0.9,90,0.5,0.5,90,0.3,0.3,75,0,0,0,791,802,11,794.866666666667,3.30963000857287,10.9536507936461,0.416375493823644,32209.359279,34705.192785,34705.192785,34205.151648,"""809m Polop"""
840,NA-5-52,Polop,0.012544,79.719387755102,1,1,1,1,0,0,0,0,1,0,1,0,0,0,0,0,0,0,0,0,0,0,0,0,1,0,0,0,0.5,0.3,0.15,50,0.7,0.35,75,0.1,0.05,0,0.1,0.05,0,0,0,0,841,876,35,863.468253968254,12.3131665933053,151.61407155449,1.42601265729429,32864.077119,35362.892134,35362.892134,34863.670638,"""809m Polop"""
842,NB-10-10,Polop,0.039298,25.4465876126011,1,0,0,1,0,0,0,0,4,0,1,0,0,0,0,0,0,0,0,0,0,0,0,0,0,0,0,0,0.25,0.3,0.08,0,0.1,0.03,0,0.1,0.03,0,0.1,0.03,0,0,0,0,809,824,15,817.977272727273,4.164179698566,17.3403925619493,0.509082567133184,32341.363675,34922.690594,34922.690594,34417.059028,"""809m Polop"""
846,NB-10-2,Polop,0.022035,90.764692534604,2,0,0,1,0,0,1,0,2,0,2,0,0,0,0,0,0,0,0,0,0,0,0,0,0,0,0,0,0.5,0.3,0.15,50,0.1,0.05,0,0.1,0.05,0,0.1,0.05,0,0,0,0,789,803,14,795.284403669725,4.03787514090775,16.3044356535608,0.507727188195262,31858.103903,34403.668462,34403.668462,33899.691413,"""809m Polop"""
847,NB-10-3,Polop,0.025978,115.482331203326,3,0,0,2,0,0,1,0,3,0,3,0,0,0,0,0,0,0,0,0,0,0,0,0,0,0,0,0,0.5,0.3,0.15,50,0.1,0.05,0,0.1,0.05,0,0.7,0.35,75,0.5,0.25,0,795,808,13,803.337164750958,2.75175283874546,7.57214368554367,0.342540213435603,32007.797201,34572.878771,34572.878771,34067.8214,"""809m Polop"""
848,NB-10-4,Polop,0.01435,139.372822299652,2,0,0,2,0,0,0,0,4,0,2,0,0,0,0,0,0,0,0,0,0,0,0,0,0,0,0,0,0.5,0.3,0.15,50,0.1,0.05,0,0.1,0.05,0,0.1,0.05,0,0,0,0,776,798,22,792.345323741007,6.55767136048531,43.0030536721293,0.827627950086673,31806.038848,34298.888089,34298.888089,33798.400238,"""809m Polop"""
849,NB-10-5,Polop,0.009246,1946.78780012979,18,2,0.11,11,2,0,5,0,10,0,16,2,0,0,0,1,0,0,0,0,0,0,0,1,0,0,0,0,0.9,0.7,0.63,90,0.7,0.63,90,0.5,0.45,90,0.3,0.27,75,0,0,0,794,798,4,794.89247311828,0.932822812642207,0.870158399785719,0.117352075178526,31921.289527,34432.214926,34432.214926,33930.686532,"""809m Polop"""
850,NB-10-6,Polop,0.01046,2103.25047801147,22,1,0.05,15,0,0,6,1,20,0,21,1,1,0,0,0,0,0,0,0,0,0,0,0,0,0,0,0,1,0.3,0.3,75,0.3,0.3,50,0.3,0.3,75,0.7,0.7,90,0.5,0.5,50,794,805,11,798.518867924528,3.93635961521386,15.4949270202866,0.492957621082274,32014.42526,34539.593351,34539.593351,34037.248352,"""809m Polop"""
851,NB-10-7,Polop,0.012312,1543.20987654321,19,2,0.11,17,0,1,1,0,10,0,18,1,1,0,0,0,0,0,0,0,0,0,0,0,1,0,0,0,0.9,0.3,0.27,75,0.3,0.27,50,0.3,0.27,75,0.7,0.63,90,0.5,0.45,50,802,809,7,803.943089430894,1.49416650508159,2.23253354490772,0.185854760706917,32114.063901,34645.888802,34645.888802,34143.25126,"""809m Polop"""
852,NB-10-8,Polop,0.023051,43.382065853976,1,0,0,1,0,0,0,0,1,0,1,0,0,0,0,0,0,0,0,0,0,0,0,0,0,0,0,0,0.5,0.3,0.15,50,0.1,0.05,0,0.1,0.05,0,0.7,0.35,75,0.5,0.25,0,802,822,20,809.965367965368,5.40951660375006,29.2628698862476,0.667870111204725,32347.479353,34885.200286,34885.200286,34382.530986,"""809m Polop"""
853,NB-10-9,Polop,0.017145,58.3260425780111,1,0,0,0,0,0,1,0,0,0,1,0,0,0,0,0,0,0,0,0,0,0,0,0,0,0,0,0,0.25,0.3,0.08,0,0.1,0.03,0,0.1,0.03,0,0.7,0.18,50,0.5,0.13,0,802,811,9,808.041176470588,1.63906674433988,2.68653979240095,0.20284445793952,32183.650144,34729.537216,34729.537216,34226.056786,"""809m Polop"""
854,NB-11-1,Polop,0.014646,21848.9690017752,320,40,0.13,246,16,22,31,5,485,0,277,43,17,1,0,4,0,5,0,0,0,5,0,9,4,2,1,2,1,0.5,0.5,75,0.5,0.5,75,0.7,0.7,90,0.9,0.9,90,0.9,0.9,90,748,754,6,749.63698630137,1.2974164897192,1.6832895477953,0.173072635612674,31367.896289,33616.191421,33616.191421,33131.737806,"""809m Polop"""
855,NB-11-2,Polop,0.014793,1013.99310484689,15,2,0.13,9,2,0,3,1,27,0,12,3,1,0,0,0,1,0,0,0,0,0,0,0,0,0,0,0,0.9,0.3,0.27,75,0.7,0.63,90,0.5,0.45,90,0.3,0.27,75,0,0,0,749,755,6,751.872483221477,2.36100476450624,5.57434349802116,0.314016647396147,31432.819301,33686.677366,33686.677366,33201.952188,"""809m Polop"""
856,NB-11-3,Polop,0.018495,594.755339280887,11,11,1,9,1,0,1,0,0,0,10,1,7,0,0,0,1,0,0,0,0,0,0,1,2,0,0,0,,,,,,,,,,,,,,,,,739,761,22,750.221621621622,6.76633699199581,45.7833162892509,0.901911754738582,31313.451486,33544.34569,33544.34569,33064.591796,"""809m Polop"""
860,NB-2-(2-3),Polop,0.011364,175.994368180218,2,0,0,2,0,0,0,0,1,0,2,0,0,0,0,0,0,0,0,0,0,0,0,0,0,0,0,0,0.5,0.3,0.15,50,0.1,0.05,0,0.1,0.05,0,0.1,0.05,0,0,0,0,778,787,9,781.165217391304,2.38812436784069,5.70313799627449,0.305713095600418,31758.194745,34170.411133,34170.411133,33675.341432,"""809m Polop"""
861,NB-2-1,Polop,0.012129,247.341083353945,3,1,0.33,3,0,0,0,0,2,0,3,0,0,0,0,0,0,0,0,0,0,0,0,1,0,0,0,0,0.5,0,0,0,0.1,0.05,0,0.1,0.05,0,0.1,0.05,0,0,0,0,772,781,9,776.183333333333,3.84920626738883,14.8163888889054,0.495914573540035,31693.075712,34118.070986,34118.070986,33622.019527,"""809m Polop"""
865,NB-2-13,Polop,0.02794,35.7909806728704,1,1,1,1,0,0,0,0,0,0,1,0,1,0,0,0,0,0,0,0,0,0,0,0,0,0,0,0,0.1,0.3,0.03,0,0.1,0.01,0,0.1,0.01,0,0.1,0.01,0,0,0,0,776,799,23,788.003623188406,3.58185664389803,12.8296970174364,0.454548245527753,31929.488905,34308.289189,34308.289189,33815.793713,"""809m Polop"""
867,NB-2-15,Polop,0.027803,35.9673416537784,1,0,0,1,0,0,0,0,1,0,1,0,0,0,0,0,0,0,0,0,0,0,0,0,0,0,0,0,0.25,0.3,0.08,0,0.1,0.03,0,0.1,0.03,0,0.1,0.03,0,0,0,0,798,814,16,806.741935483871,4.18026570249585,17.4746213434631,0.518166407202892,32237.714791,34602.186886,34602.186886,34111.183162,"""809m Polop"""
870,NB-2-18,Polop,0.005909,169.23337282112,1,0,0,1,0,0,0,0,0,0,1,0,0,0,0,0,0,0,0,0,0,0,0,0,0,0,0,0,1,0.3,0.3,75,0.1,0.1,50,0.1,0.1,50,0.7,0.7,90,0.5,0.5,50,804,835,31,810.067796610169,6.67366289986218,44.5377765009969,0.823840044967713,32336.10976,34673.68548,34673.68548,34184.696575,"""809m Polop"""
873,NB-2-5,Polop,0.008181,122.234445666789,1,0,0,1,0,0,0,0,0,0,1,0,0,0,0,0,0,0,0,0,0,0,0,0,0,0,0,0,0.25,0.3,0.08,0,0.1,0.03,0,0.1,0.03,0,0.1,0.03,0,0,0,0,783,790,7,786.913580246914,1.61166680735125,2.59746989791776,0.204808615305069,31875.457646,34285.731852,34285.731852,33790.989238,"""809m Polop"""
877,NB-2-9,Polop,0.022887,43.6929261152619,1,1,1,1,0,0,0,0,0,0,1,0,0,0,0,0,0,0,0,0,0,0,0,1,0,0,0,0,,,,,,,,,,,,,,,,,799,822,23,808.290748898678,3.6923605934295,13.6335267519111,0.456810943148918,32213.708866,34620.060104,34620.060104,34126.13949,"""809m Polop"""
878,NB-4-1,Polop,0.04039,49.5172072295123,2,0,0,1,0,0,1,0,0,0,2,0,0,0,0,0,0,0,0,0,0,0,0,0,0,0,0,0,0.1,0.3,0.03,0,0.1,0.01,0,0.1,0.01,0,0.1,0.01,0,0,0,0,814,845,31,830.565756823821,5.42830726032659,29.4665197125144,0.65356742867477,31996.976102,34955.367362,34955.367362,34424.187874,"""809m Polop"""
879,NB-4-2,Polop,0.037448,53.4073915829951,2,0,0,2,0,0,0,0,3,0,2,0,0,0,0,0,0,0,0,0,0,0,0,0,0,0,0,0,0.5,0.3,0.15,50,0.1,0.05,0,0.1,0.05,0,0.1,0.05,0,0,0,0,829,851,22,839.337801608579,5.50686556558607,30.3255683574376,0.656096455447645,32082.372511,35033.915003,35033.915003,34503.306255,"""809m Polop"""
883,NB-4-6,Polop,0.029883,66.92768463675,2,0,0,0,0,0,2,0,0,0,2,0,0,0,0,0,0,0,0,0,0,0,0,0,0,0,0,0,0.25,0.3,0.08,0,0.1,0.03,0,0.1,0.03,0,0.1,0.03,0,0,0,0,837,866,29,849.205980066445,6.65655554177154,44.3097316806895,0.783856413876255,32153.208338,35161.049445,35161.049445,34626.878969,"""809m Polop"""
884,NB-4-7,Polop,0.021351,140.508641281439,3,0,0,2,0,0,0,1,5,0,2,1,0,0,0,0,0,0,0,0,0,0,0,0,0,0,0,0,0.5,0.3,0.15,50,0.7,0.35,75,0.5,0.25,75,0.3,0.15,50,0,0,0,846,869,23,858.288372093023,7.65479662064058,58.5959113033705,0.891867683349081,32236.161261,35240.184234,35240.184234,34706.379869,"""809m Polop"""
885,SA-3-1,Polop,0.013244,75.5058894593778,1,0,0,1,0,0,0,0,13,0,1,0,0,0,0,0,0,0,0,0,0,0,0,0,0,0,0,0,0.75,0.3,0.23,50,0.1,0.08,50,0.1,0.08,50,0.1,0.08,0,0,0,0,854,859,5,857.06015037594,1.82200170224181,3.31969020297205,0.212587378078727,31803.229082,35161.399374,35161.399374,34604.410962,"""809m Polop"""
887,SA-4-2,Polop,0.034877,745.476961894658,26,7,0.27,16,5,3,2,0,2,0,18,8,2,0,0,1,0,0,0,0,0,0,0,1,3,0,0,0,0.75,0.7,0.53,90,0.9,0.68,90,0.5,0.38,75,0.3,0.23,50,0,0,0,846,861,15,853.355113636364,3.05750324995557,9.3483261234889,0.358292017133028,31529.454824,34859.921437,34859.921437,34304.298496,"""809m Polop"""
893,SA-8-4,Polop,0.020923,95.5885867227453,2,0,0,2,0,0,0,0,5,0,2,0,0,0,0,0,0,0,0,0,0,0,0,0,0,0,0,0,0.75,0.3,0.23,50,0.1,0.08,50,0.1,0.08,50,0.1,0.08,0,0,0,0,805,829,24,811.48309178744,7.84071216487793,61.4767672524648,0.966220029009764,31041.124916,34059.193425,34059.193425,33522.725267,"""809m Polop"""
894,SA-9-1,Polop,0.011741,340.686483263776,4,0,0,2,0,0,2,0,9,0,4,0,0,0,0,0,0,0,0,0,0,0,0,0,0,0,0,0,0.9,0.3,0.27,75,0.1,0.09,50,0.1,0.09,50,0.7,0.63,90,0.5,0.45,50,766,769,3,767.132231404959,1.23276313141705,1.51970493818118,0.160697606090585,30950.447998,33784.488013,33784.488013,33259.843805,"""809m Polop"""
895,SA-9-2,Polop,0.024966,240.326844508532,6,0,0,4,0,0,2,0,8,0,6,0,0,0,0,0,0,0,0,0,0,0,0,0,0,0,0,0,0.75,0.3,0.23,50,0.1,0.08,50,0.1,0.08,50,0.1,0.08,0,0,0,0,767,805,38,774.586345381526,11.3637190540839,129.13411074015,1.46706937474952,30901.113558,33759.701551,33759.701551,33233.371444,"""809m Polop"""
896,SA-9-3,Polop,0.034667,28.8458764819569,1,1,1,1,0,0,0,0,0,0,1,0,1,,,0,0,0,0,0,0,0,0,0,0,0,0,0,,,,,,,,,,,,,,,,,767,861,94,796.627167630058,21.85705694325,477.730938220472,2.74369966671788,30837.954228,33723.428887,33723.428887,33195.242834,"""809m Polop"""
897,SB-10-1,Polop,0.058701,732.525851348359,43,5,0.12,32,1,0,10,0,52,0,42,1,2,0,0,0,0,0,0,0,0,0,0,3,0,0,0,0,0.75,0.5,0.38,75,0.5,0.38,75,0.5,0.38,75,0.7,0.53,90,0.5,0.38,50,829,845,16,838.556325823224,4.08455250540828,16.683569169437,0.487093398454589,31359.230895,34592.326319,34592.326319,34042.595772,"""809m Polop"""
899,SB-10-3,Polop,0.027585,72.5031720137756,2,1,0.5,1,0,0,1,0,3,0,2,0,0,0,0,0,0,0,0,0,0,0,0,1,0,0,0,0,0.25,0,0,0,0.1,0.03,0,0.1,0.03,0,0.1,0.03,0,0,0,0,834,845,11,839.320143884892,2.14451550283728,4.59894674190943,0.255506259257777,31497.801545,34757.387105,34757.387105,34206.177683,"""809m Polop"""
900,SB-10-4,Polop,0.044921,289.396941296944,13,0,0,8,1,0,4,0,9,0,12,1,0,0,0,0,0,0,0,0,0,0,0,0,0,0,0,0,0.5,0.3,0.15,50,0.5,0.25,50,0.5,0.25,75,0.7,0.35,75,0.5,0.25,0,840,851,11,843.822616407982,2.12774372896397,4.5272933761455,0.252155333074792,31281.773201,34554.571202,34554.571202,34002.227048,"""809m Polop"""
901,SB-10-5,Polop,0.03345,298.953662182362,10,0,0,5,0,0,5,0,13,0,10,0,0,0,0,0,0,0,0,0,0,0,0,0,0,0,0,0,0.75,0.3,0.23,50,0.1,0.08,50,0.1,0.08,50,0.1,0.08,0,0,0,0,844,860,16,849.382089552239,3.47231805120119,12.0569926486976,0.408805188373075,31242.60027,34537.631191,34537.631191,33983.834487,"""809m Polop"""
902,SB-11-1,Polop,0.012273,6518.37366577039,80,6,0.08,71,3,1,5,0,175,0,76,4,5,0,0,0,0,0,0,0,0,0,0,1,0,0,1,0,1,0.3,0.3,75,0.3,0.3,50,0.3,0.3,75,0.5,0.5,90,0.9,0.9,90,841,842,1,841.470085470085,0.499104318708355,0.249105120953332,0.0593133763548507,31889.574617,35155.851933,35155.851933,34604.758848,"""809m Polop"""
903,SB-11-2,Polop,0.031492,1270.1638511368,40,4,0.1,35,0,0,5,0,22,0,40,0,2,0,0,0,0,0,0,0,0,0,0,1,1,0,0,0,0.9,0.7,0.63,90,0.7,0.63,90,0.1,0.09,50,0.1,0.09,50,0,0,0,841,849,8,843.637770897833,2.59352563450887,6.72637521685462,0.307421706800625,31827.496222,35114.40506,35114.40506,34561.925377,"""809m Polop"""
904,SB-11-3,Polop,0.036,1611.11111111111,58,3,0.05,46,4,2,3,3,33,0,49,9,0,0,0,0,0,0,0,0,0,0,0,1,2,0,0,0,0.9,0.7,0.63,90,0.9,0.81,90,0.5,0.45,90,0.3,0.27,75,0,0,0,839,853,14,845.058823529412,3.73782419442023,13.9713297083932,0.442315267333592,31697.078609,34988.486293,34988.486293,34435.545639,"""809m Polop"""
906,SB-12-1,Polop,0.008367,1673.24010995578,14,1,0.07,9,0,0,5,0,19,0,14,0,0,0,0,0,0,0,0,0,0,0,0,1,0,0,0,0,0.9,0,0,0,0.1,0.09,50,0.1,0.09,50,0.1,0.09,50,0,0,0,808,816,8,810.421686746988,2.52753740776221,6.3884453476373,0.311879290632964,31477.7499,34581.743134,34581.743134,34040.399755,"""809m Polop"""
907,SB-12-10,Polop,0.018789,4470.70094204056,84,12,0.14,68,6,4,6,0,77,0,74,10,5,0,0,0,0,0,0,1,0,0,0,4,2,0,0,0,1,0.7,0.7,90,0.9,0.9,90,0.5,0.5,90,0.3,0.3,75,0,0,0,782,796,14,791.389473684211,3.39440634866604,11.5219944598643,0.428917298187431,31245.142933,34176.824936,34176.824936,33646.26253,"""809m Polop"""
908,SB-12-11,Polop,0.019681,1067.01895228901,21,2,0.1,16,1,0,4,0,35,0,20,1,1,0,0,0,0,0,0,0,0,0,0,0,1,0,0,0,0.75,0.3,0.23,50,0.9,0.68,90,0.5,0.38,75,0.3,0.23,50,0,0,0,780,796,16,788.123076923077,4.12437790419753,17.0104930966328,0.523316474921605,31211.145137,34103.733997,34103.733997,33575.667636,"""809m Polop"""
909,SB-12-12,Polop,0.002938,17018.3798502383,50,5,0.1,46,1,1,1,0,22,1,47,2,5,0,0,0,0,0,0,0,0,0,0,0,0,0,0,0,1,0.3,0.3,75,0.3,0.3,50,0.3,0.3,75,0.5,0.5,90,0.9,0.9,90,785,789,4,787.533333333333,1.92757763929176,3.71555555549761,0.244761403448544,31180.614163,34044.401115,34044.401115,33518.170534,"""809m Polop"""
910,SB-12-13,Polop,0.021956,6057.56968482419,133,9,0.07,107,1,2,21,2,138,0,128,5,5,0,0,0,0,0,0,0,1,0,0,2,1,0,2,0,1,0.5,0.5,75,0.5,0.5,75,0.5,0.5,90,0.3,0.3,75,0.9,0.9,90,818,829,11,823.408256880734,3.8650783829708,14.9388309065082,0.469400003057127,31216.393823,34349.369468,34349.369468,33805.792756,"""809m Polop"""
911,SB-12-14,Polop,0.010811,3422.44010729812,37,7,0.19,28,0,0,9,0,79,0,37,0,3,0,0,0,0,0,0,0,0,0,0,3,1,0,0,0,1,0.7,0.7,90,0.7,0.7,90,0.1,0.1,50,0.1,0.1,50,0,0,0,826,854,28,834.028571428571,4.97317976820177,24.7325170068514,0.596284100877195,31104.11733,34258.999937,34258.999937,33713.863395,"""809m Polop"""
912,SB-12-15,Polop,0.008957,111.644523836106,1,0,0,1,0,0,0,0,25,0,1,0,0,0,0,0,0,0,0,0,0,0,0,0,0,0,0,0,0.9,0.3,0.27,75,0.1,0.09,50,0.1,0.09,50,0.1,0.09,50,0,0,0,826,854,28,834.776595744681,6.19051136532696,38.3224309642423,0.741577015561221,31083.855373,34238.118743,34238.118743,33692.991965,"""809m Polop"""
913,SB-12-16,Polop,0.005917,169.004563123204,1,0,0,1,0,0,0,0,0,0,1,0,0,0,0,0,0,0,0,0,0,0,0,0,0,0,0,0,0.5,0.3,0.15,50,0.1,0.05,0,0.1,0.05,0,0.1,0.05,0,0,0,0,829,842,13,836.016949152542,5.02026917173815,25.2031025567045,0.600498491905831,31077.614705,34205.644473,34205.644473,33662.179712,"""809m Polop"""
914,SB-12-17,Polop,0.038763,180.584578077032,7,1,0.14,5,0,0,2,0,8,0,7,0,0,0,0,0,0,0,0,0,0,0,0,1,0,0,0,0,0.5,0,0,0,0.1,0.05,0,0.1,0.05,0,0.1,0.05,0,0,0,0,798,838,40,817.974358974359,12.7717379888454,163.117291255716,1.5613861056549,31178.173372,34234.210906,34234.210906,33695.504863,"""809m Polop"""
915,SB-12-2,Polop,0.030416,1216.46501841136,37,2,0.05,32,0,0,5,0,63,0,37,0,1,0,0,0,0,0,0,0,0,0,0,0,1,0,0,0,0.75,0.3,0.23,50,0.7,0.53,75,0.1,0.08,50,0.1,0.08,0,0,0,0,801,817,16,807.199335548173,4.12755100505685,17.0366772993458,0.511342220351782,31414.474636,34490.551624,34490.551624,33950.907099,"""809m Polop"""
916,SB-12-3,Polop,0.018474,162.39038648912,3,0,0,3,0,0,0,0,5,0,3,0,0,0,0,0,0,0,0,0,0,0,0,0,0,0,0,0,0.5,0.3,0.15,50,0.1,0.05,0,0.1,0.05,0,0.7,0.35,75,0.5,0.25,0,803,817,14,813.657754010695,4.12251951457667,16.9951671480654,0.506665055947157,31365.963776,34461.122165,34461.122165,33920.182347,"""809m Polop"""
917,SB-12-4,Polop,0.00828,362.31884057971,3,0,0,3,0,0,0,0,0,0,3,0,0,0,0,0,0,0,0,0,0,0,0,0,0,0,0,0,0.5,0.3,0.15,50,0.1,0.05,0,0.1,0.05,0,0.1,0.05,0,0,0,0,807,820,13,816.256097560976,2.49785749955403,6.23929208807829,0.306013946727967,31313.564695,34413.641789,34413.641789,33872.310192,"""809m Polop"""
918,SB-12-5,Polop,0.032678,306.0162800661,10,0,0,6,0,0,3,1,10,0,9,1,0,0,0,0,0,0,0,0,0,0,0,0,0,0,0,0,0.5,0.3,0.15,50,0.7,0.35,75,0.5,0.25,75,0.3,0.15,50,0,0,0,801,831,30,813.901840490798,8.23073301339489,67.7449659377885,1.01126850977897,31249.099258,34325.865316,34325.865316,33785.93333,"""809m Polop"""
919,SB-12-6,Polop,0.004773,5028.28409805154,24,0,0,21,0,0,3,0,35,0,24,0,0,0,0,0,0,0,0,0,0,0,0,0,0,0,0,0,1,0.3,0.3,75,0.1,0.1,50,0.1,0.1,50,0.5,0.5,90,0.9,0.9,90,808,820,12,813.666666666667,3.85861230093008,14.8888888888889,0.474225190610005,31560.328566,34676.968068,34676.968068,34134.93381,"""809m Polop"""
921,SB-12-8,Polop,0.089064,202.101859337106,18,2,0.11,11,0,0,6,1,37,0,17,1,2,0,0,0,0,0,0,0,0,0,0,0,0,0,0,0,0.75,0.3,0.23,50,0.5,0.38,75,0.5,0.38,75,0.7,0.53,90,0.5,0.38,50,808,838,30,826.47928331467,5.8231559559237,33.9091452870097,0.704573735057146,31347.408185,34509.758068,34509.758068,33964.499073,"""809m Polop"""
920,SB-12-7,Polop,0.004011,997.25754176016,4,0,0,3,0,0,1,0,1,0,4,0,0,0,0,0,0,0,0,0,0,0,0,0,0,0,0,0,0.75,0.3,0.23,50,0.1,0.08,50,0.1,0.08,50,0.1,0.08,0,0,0,0,817,829,12,825.820512820513,1.79560424615776,3.22419460881979,0.217432749402778,31486.237224,34657.389752,34657.389752,34111.769092,"""809m Polop"""
922,SB-12-9,Polop,0.03901,281.978979748782,11,0,0,10,0,0,1,0,13,0,11,0,0,0,0,0,0,0,0,0,0,0,0,0,0,0,0,0,0.75,0.3,0.23,50,0.1,0.08,50,0.1,0.08,50,0.1,0.08,0,0,0,0,789,807,18,797.649616368287,3.23385125979394,10.4577939704708,0.405422530573978,31286.127838,34279.052855,34279.052855,33744.578629,"""809m Polop"""
923,SB-14-1,Polop,0.012811,78.0579189758801,1,0,0,0,0,1,0,0,2,0,0,1,0,0,0,0,0,0,0,0,0,0,0,0,0,0,0,0,0.5,0.1,0.05,0,0.7,0.35,75,0.5,0.25,75,0.3,0.15,50,0,0,0,744,756,12,749.178294573643,4.39776125639389,19.3403040682392,0.587011301348052,31253.600047,33606.838664,33606.838664,33114.953079,"""809m Polop"""
924,SB-14-2,Polop,0.028817,277.613908456814,8,2,0.25,6,0,0,2,0,5,0,8,0,1,0,0,0,0,0,0,0,0,0,0,1,0,0,0,0,0.5,0,0,0,0.1,0.05,0,0.1,0.05,0,0.1,0.05,0,0,0,0,742,756,14,745.59375,4.05751563887587,16.4634331597222,0.54419925581134,31288.56565,33617.319535,33617.319535,33127.175847,"""809m Polop"""
926,SB-15-1,Polop,0.017438,172.038077761211,3,0,0,0,0,0,3,0,7,0,3,0,0,0,0,0,0,0,0,0,0,0,0,0,0,0,0,0,0.75,0.3,0.23,50,0.1,0.08,50,0.1,0.08,50,0.1,0.08,0,0,0,0,736,746,10,740.913793103448,2.01104264225211,4.04429250895635,0.27142734566035,31230.098824,33456.371912,33456.371912,32978.817674,"""809m Polop"""
928,SB-15-3,Polop,0.015986,125.109470786939,2,1,0.5,1,1,0,0,0,5,0,1,1,0,0,0,0,0,0,0,0,0,0,0,0,1,0,0,0,0.5,0.3,0.15,50,0.9,0.45,75,0.5,0.25,75,0.3,0.15,50,0,0,0,736,743,7,737.05625,2.2479070126536,5.05308593753725,0.304984458466176,31138.686807,33367.214725,33367.214725,32888.568958,"""809m Polop"""
929,SB-15-4,Polop,0.018387,217.545004622831,4,1,0.25,2,0,0,1,1,21,0,3,1,0,0,0,0,0,0,0,0,0,0,0,1,0,0,1,0,0.75,0.3,0.23,50,0.5,0.38,75,0.5,0.38,75,0.3,0.23,50,0.9,0.68,75,731,736,5,733.20320855615,2.27080761960227,5.15656724524371,0.30971054042085,31053.394677,33282.354491,33282.354491,32803.489268,"""809m Polop"""
930,SB-3-1,Polop,0.041273,4021.99985462651,166,16,0.1,121,18,10,10,7,49,0,131,35,4,0,0,3,0,1,0,0,1,1,0,4,3,0,1,0,1,0.3,0.3,75,0.3,0.3,50,0.3,0.3,75,0.5,0.5,90,0.9,0.9,90,802,822,20,809.727710843374,4.20791890449606,17.7065815068153,0.519670853318493,31674.591086,34590.870205,34590.870205,34061.962033,"""809m Polop"""
931,SB-3-2,Polop,0.040088,1696.26820993814,68,9,0.13,54,5,6,2,0,36,1,56,11,4,0,0,0,0,0,0,0,0,0,0,1,4,0,0,0,0.9,0.3,0.27,75,0.3,0.27,50,0.3,0.27,75,0.7,0.63,90,0.5,0.45,50,800,811,11,805.0375,3.32206167161298,11.03609375,0.412659245266584,31606.445726,34552.476895,34552.476895,34021.526569,"""809m Polop"""
932,SB-3-3,Polop,0.049081,1202.09449685214,59,4,0.07,48,2,4,5,0,67,0,53,6,1,0,0,1,0,0,0,0,1,0,0,0,1,1,0,0,0.75,0.3,0.23,50,0.3,0.23,50,0.3,0.23,50,0.5,0.38,75,0.9,0.68,75,796,811,15,803.771717171717,4.66952380943551,21.8044526068851,0.580951495266151,31490.914904,34456.255256,34456.255256,33923.87655,"""809m Polop"""
933,SB-3-4,Polop,0.023879,4774.06926588216,114,10,0.09,82,7,11,12,2,69,0,94,20,4,0,0,2,3,0,0,0,0,0,0,1,0,0,0,0,0.9,0.7,0.63,90,0.7,0.63,90,0.5,0.45,90,0.3,0.27,75,0,0,0,803,815,12,809.382352941176,2.5718301712988,6.61431043000281,0.31775219239129,31499.477581,34500.587531,34500.587531,33965.902276,"""809m Polop"""
934,SB-3-5,Polop,0.017142,3266.83000816707,56,4,0.07,40,2,4,6,4,40,0,46,10,1,0,0,0,1,0,0,0,0,0,0,1,1,0,0,0,0.9,0.7,0.63,90,0.9,0.81,90,0.5,0.45,90,0.3,0.27,75,0,0,0,807,818,11,813.172413793103,2.51527241526846,6.32659532301042,0.309316003913092,31512.779676,34539.627611,34539.627611,34003.297987,"""809m Polop"""
935,SB-3-6,Polop,0.060088,149.780322194115,9,2,0.22,9,0,0,0,0,4,0,9,0,2,0,0,0,0,0,0,0,0,0,0,0,0,0,0,0,0.75,0.3,0.23,50,0.1,0.08,50,0.1,0.08,50,0.1,0.08,0,0,0,0,797,822,25,811.701168614357,3.51469825300029,12.3531038096433,0.433003966102473,31704.304868,34587.726132,34587.726132,34061.01228,"""809m Polop"""
936,SB-3-7,Polop,0.017768,675.371454299865,12,0,0,8,0,0,3,1,18,0,11,1,0,0,0,0,0,0,0,0,0,0,0,0,0,0,0,0,0.75,0.3,0.23,50,0.7,0.53,75,0.5,0.38,75,0.3,0.23,50,0,0,0,804,817,13,811.728813559322,4.35370032294305,18.9547065019944,0.536349116874718,31784.404045,34641.970038,34641.970038,34117.073659,"""809m Polop"""
937,SB-3-8,Polop,0.057142,350.005250078751,20,1,0.05,16,0,0,4,0,18,0,20,0,1,0,0,0,0,0,0,0,0,0,0,0,0,0,0,0,0.9,0.3,0.27,75,0.1,0.09,50,0.1,0.09,50,0.5,0.45,75,0.9,0.81,75,791,808,17,799.649214659686,4.91791115908024,24.185850168606,0.615008564870935,31435.636384,34319.958682,34319.958682,33792.777964,"""809m Polop"""
939,SB-5-2,Polop,0.022802,87.7116042452416,2,0,0,2,0,0,0,0,8,0,2,0,0,0,0,0,0,0,0,0,0,0,0,0,0,0,0,0,0.5,0.3,0.15,50,0.1,0.05,0,0.1,0.05,0,0.1,0.05,0,0,0,0,826,841,15,833.480176211454,4.30585135786934,18.5403559160653,0.516611130146058,31931.878022,34963.851092,34963.851092,34427.799916,"""809m Polop"""
941,SB-5-4,Polop,0.041636,168.123739071957,7,1,0.14,6,0,0,1,0,20,0,7,0,0,0,0,0,0,0,0,0,0,0,0,1,0,0,0,0,0.75,0.5,0.38,75,0.1,0.08,50,0.1,0.08,50,0.7,0.53,90,0.5,0.38,50,817,829,12,821.891041162228,3.92116528249517,15.3755371726454,0.477090646583796,31728.263964,34773.789928,34773.789928,34236.569337,"""809m Polop"""
945,SB-7-9,Polop,0.014894,335.705653283201,5,0,0,3,0,0,2,0,11,0,5,0,0,0,0,0,0,0,0,0,0,0,0,0,0,0,0,0,0.75,0.3,0.23,50,0.1,0.08,50,0.1,0.08,50,0.1,0.08,0,0,0,0,835,842,7,835.755102040816,1.92580696659693,3.70873247259328,0.23042718637246,31979.06542,35208.951778,35208.951778,34660.285205,"""809m Polop"""
946,SB-7-3,Polop,0.026548,376.676209130631,10,0,0,4,0,0,6,0,28,0,10,0,0,0,0,0,0,0,0,0,0,0,0,0,0,0,0,0,0.75,0.3,0.23,50,0.1,0.08,50,0.1,0.08,50,0.1,0.08,0,0,0,0,845,854,9,847.702290076336,2.94528904863674,8.67472758001954,0.347443799918426,32223.695939,35494.710206,35494.710206,34943.767271,"""809m Polop"""
947,SB-7-4,Polop,0.026327,569.757283397273,15,0,0,5,0,0,9,1,20,0,14,1,0,0,0,0,0,0,0,0,0,0,0,0,0,0,0,0,0.75,0.3,0.23,50,0.7,0.53,75,0.5,0.38,75,0.3,0.23,50,0,0,0,847,859,12,854.984790874525,1.83951056011739,3.38379910078339,0.215151261139492,32306.918464,35639.286044,35639.286044,35084.581476,"""809m Polop"""
948,SB-7-5,Polop,0.035411,169.43887492587,6,1,0.17,3,0,0,3,0,3,0,6,0,0,0,0,0,0,0,0,0,0,0,0,0,1,0,0,0,0.5,0.3,0.15,50,0.7,0.35,75,0.1,0.05,0,0.1,0.05,0,0,0,0,845,857,12,851.351123595506,4.09271398051556,16.7503077263075,0.480731612032275,32161.031302,35500.032414,35500.032414,34944.719674,"""809m Polop"""
950,SB-7-7,Polop,0.024674,283.699440706817,7,0,0,5,0,0,1,1,33,0,6,1,0,0,0,0,0,0,0,0,0,0,0,0,0,0,0,0,0.9,0.3,0.27,75,0.7,0.63,90,0.5,0.45,90,0.3,0.27,75,0,0,0,839,857,18,844.360655737705,3.70879675102853,13.7551733404398,0.439243198487051,32127.401119,35428.314169,35428.314169,34875.35433,"""809m Polop"""
950,SB-7-7,Polop,0.024674,283.699440706817,7,0,0,5,0,0,1,1,33,0,6,1,0,0,0,0,0,0,0,0,0,0,0,0,0,0,0,0,0.9,0.3,0.27,75,0.7,0.63,90,0.5,0.45,90,0.3,0.27,75,0,0,0,839,857,18,844.360655737705,3.70879675102853,13.7551733404398,0.439243198487051,32127.401119,35428.314169,35428.314169,34875.35433,"""809m Polop"""
948,SB-7-5,Polop,0.035411,169.43887492587,6,1,0.17,3,0,0,3,0,3,0,6,0,0,0,0,0,0,0,0,0,0,0,0,0,1,0,0,0,0.5,0.3,0.15,50,0.7,0.35,75,0.1,0.05,0,0.1,0.05,0,0,0,0,845,857,12,851.351123595506,4.09271398051556,16.7503077263075,0.480731612032275,32161.031302,35500.032414,35500.032414,34944.719674,"""809m Polop"""
952,SB-8-1,Polop,0.027596,760.979852152486,21,1,0.05,13,0,0,8,0,16,0,21,0,0,0,0,0,0,0,0,0,0,0,0,1,0,0,0,0,0.75,0,0,0,0.1,0.08,50,0.1,0.08,50,0.1,0.08,0,0,0,0,841,854,13,845.485507246377,2.90236162523224,8.42370300362075,0.343277513376286,31988.704161,35290.080913,35290.080913,34736.906729,"""809m Polop"""
953,SB-8-3,Polop,0.024236,1114.04522198383,27,0,0,13,0,0,14,0,70,0,27,0,0,0,0,0,0,0,0,0,0,0,0,0,0,0,0,0,0.9,0.3,0.27,75,0.1,0.09,50,0.1,0.09,50,0.1,0.09,50,0,0,0,855,866,11,860.195918367347,3.04161337313978,9.25141191166274,0.353595420321543,31944.66848,35329.731793,35329.731793,34771.249362,"""809m Polop"""
954,SB-9-1,Polop,0.015289,4186.01608999935,64,7,0.11,60,2,0,2,0,77,0,62,2,3,0,0,0,1,0,0,0,0,0,0,1,2,0,0,0,1,0.7,0.7,90,0.9,0.9,90,0.5,0.5,90,0.3,0.3,75,0,0,0,828,841,13,837.32,4.9964253888826,24.9642666666706,0.596716355620623,31819.173097,35045.678644,35045.678644,34497.007215,"""809m Polop"""
955,SB-9-3,Polop,0.049945,320.352387626389,16,2,0.13,13,1,0,2,0,24,0,15,1,2,0,0,0,0,0,0,0,0,0,0,0,0,0,0,0,0.75,0.3,0.23,50,0.7,0.53,75,0.5,0.38,75,0.3,0.23,50,0,0,0,830,841,11,835.466,3.36345715001423,11.3128439999819,0.402584563586577,31611.728014,34846.213646,34846.213646,34296.749199,"""809m Polop"""
956,SB-9-4,Polop,0.024835,281.860277833702,7,1,0.14,7,0,0,0,0,15,0,7,0,1,0,0,0,0,0,0,0,0,0,0,0,0,0,0,0,0.75,0.3,0.23,50,0.1,0.08,50,0.1,0.08,50,0.1,0.08,0,0,0,0,822,833,11,828.02024291498,2.8730908362052,8.25465095308628,0.346983163852457,31627.649421,34824.862262,34824.862262,34277.784063,"""809m Polop"""
957,SB-9-5,Polop,0.002038,490.677134445535,1,0,0,1,0,0,0,0,1,0,1,0,0,0,0,0,0,0,0,0,0,0,0,0,0,0,0,0,0.75,0.3,0.23,50,0.1,0.08,50,0.1,0.08,50,0.1,0.08,0,0,0,0,821,826,5,821.826086956522,1.3721507685282,1.88279773157252,0.166963642345511,31715.897442,34891.015483,34891.015483,34345.467102,"""809m Polop"""
960,SB-15-5,Polop,0.007793,1539.84344924933,12,2,0.17,6,0,0,4,2,12,0,10,2,2,0,0,0,0,0,0,0,0,0,0,0,0,0,0,0,0.9,0.3,0.27,75,0.7,0.63,90,0.5,0.45,90,0.3,0.27,75,0,0,0,726,733,7,731.480519480519,0.975150865569279,0.950919210620515,0.133311939224548,30989.263281,33219.34855,33219.34855,32739.934651,"""809m Polop"""
963,SB-7-10,Polop,0.018601,161.281651524112,3,0,0,2,0,0,0,1,4,0,2,1,0,0,0,0,0,0,0,0,0,0,0,0,0,0,0,0,0.5,0.3,0.15,50,0.7,0.35,75,0.5,0.25,75,0.3,0.15,50,0,0,0,822,837,15,827.779569892473,4.1490783829597,17.2148514279435,0.501229860444449,31874.144945,35069.141073,35069.141073,34522.547583,"""809m Polop"""
965,SB-7-2,Polop,0.016281,61.4212886186352,1,0,0,1,0,0,0,0,2,0,1,0,0,0,0,0,0,0,0,0,0,0,0,0,0,0,0,0,0.25,0.3,0.08,0,0.1,0.03,0,0.1,0.03,0,0.1,0.03,0,0,0,0,843,856,13,849,2.75193944913534,7.57317073170732,0.32413892215964,32285.526268,35554.428354,35554.428354,35003.701401,"""809m Polop"""
966,SB-8-2,Polop,0.051132,488.930610967692,25,4,0.16,16,0,0,9,0,14,0,25,0,2,0,0,0,0,0,0,0,0,0,0,1,1,0,0,0,0.75,0.7,0.53,90,0.7,0.53,75,0.1,0.08,50,0.1,0.08,0,0,0,0,848,857,9,852.937007874016,2.7672096622615,7.65744931491341,0.324433063252689,31982.795846,35328.471546,35328.471546,34772.504635,"""809m Polop"""
967,SB-5-6,Polop,0.01897,158.144438587243,3,1,0.33,3,0,0,0,0,2,0,3,0,1,0,0,0,0,0,0,0,0,0,0,0,0,0,0,0,0.5,0.3,0.15,50,0.1,0.05,0,0.1,0.05,0,0.1,0.05,0,0,0,0,811,820,9,814.047120418848,2.14473166316136,4.5998739069669,0.263465296954535,31553.577444,34612.660411,34612.660411,34074.312021,"""809m Polop"""
